modern_name,Date,FirstSlash,SecondSlash,day,month,year,Corrected,latitude,longitude,County,Notes or reference #,
Hartlebury,1/1/1346,2,4,1,1,1346,1346/1/1,52.327826,-2.2508729,Worcestershire,,
Hartlebury,1/10/1340,2,5,1,10,1340,1340/10/1,52.327826,-2.2508729,Worcestershire,,
Withington,1/10/1342,2,5,1,10,1342,1342/10/1,51.833604,-1.9578672,Gloucestershire,,
Withington,1/10/1343,2,5,1,10,1343,1343/10/1,51.833604,-1.9578672,Gloucestershire,,
Hartlebury,1/11/1344,2,5,1,11,1344,1344/11/1,52.327826,-2.2508729,Worcestershire,,
Hampton Bishop,1/2/1343,2,4,1,2,1343,1343/2/1,52.038564,-2.6574537,Herefordshire,,
Stonehouse Deanery,1/3/1340,2,4,1,3,1340,1340/3/1,51.74334,-2.2910695,Gloucestershire,several places,
Hartlebury,1/4/1340,2,4,1,4,1340,1340/4/1,52.327826,-2.2508729,Worcestershire,,
Hartlebury,1/4/1344,2,4,1,4,1344,1344/4/1,52.327826,-2.2508729,Worcestershire,,
Hartlebury,1/4/1345,2,4,1,4,1345,1345/4/1,52.327826,-2.2508729,Worcestershire,,
Hartlebury,1/4/1346,2,4,1,4,1346,1346/4/1,52.327826,-2.2508729,Worcestershire,,
Hartlebury,1/4/1349,2,4,1,4,1349,1349/4/1,52.327826,-2.2508729,Worcestershire,,
Hartlebury,1/5/1339,2,4,1,5,1339,1339/5/1,52.327826,-2.2508729,Worcestershire,,
Hartlebury,1/5/1343,2,4,1,5,1343,1343/5/1,52.327826,-2.2508729,Worcestershire,,
Hartlebury,1/5/1344,2,4,1,5,1344,1344/5/1,52.327826,-2.2508729,Worcestershire,,
Hartlebury,1/5/1349,2,4,1,5,1349,1349/5/1,52.327826,-2.2508729,Worcestershire,,
Bredon,1/6/1339,2,4,1,6,1339,1339/6/1,52.022359,-2.1179982,Worcestershire,"194, 1120",
Hawkesbury and Bitton Deanery,1/6/1340,2,4,1,6,1340,1340/6/1,51.419103,-2.4615729,Gloucestershire,,
Hartlebury,1/6/1349,2,4,1,6,1349,1349/6/1,52.327826,-2.2508729,Worcestershire,,
Bredon,1/7/1339,2,4,1,7,1339,1339/7/1,52.022359,-2.1179982,Worcestershire,,
Henbury,1/7/1340,2,4,1,7,1340,1340/7/1,51.499215,-2.6352549,Gloucestershire,133; Henbury implied not explicit,
Withington,1/7/1340,2,4,1,7,1340,1340/7/1,51.833604,-1.9578672,Gloucestershire,138,
Hartlebury,1/7/1349,2,4,1,7,1349,1349/7/1,52.327826,-2.2508729,Worcestershire,,
Alcester,1/8/1339,2,4,1,8,1339,1339/8/1,52.417951,-1.8985023,Worcestershire,,
Withington,1/8/1341,2,4,1,8,1341,1341/8/1,51.833604,-1.9578672,Gloucestershire,,
Bristol,1/8/1345,2,4,1,8,1345,1345/8/1,51.47254,-2.5772934,Gloucestershire,,
Hartlebury,1/8/1349,2,4,1,8,1349,1349/8/1,52.327826,-2.2508729,Worcestershire,,
Henbury,1/8/1434,2,4,1,8,1434,1434/8/1,51.499215,-2.6352549,Gloucestershire,,
Hartlebury,1/9/1340,2,4,1,9,1340,1340/9/1,52.327826,-2.2508729,Worcestershire,139,
Hartlebury,10/1/1343,3,5,10,1,1343,1343/1/10,52.327826,-2.2508729,Worcestershire,,
Westminster,10/1/1348,3,5,10,1,1348,1348/1/10,51.495233,-0.1431191,Middlesex,,
Hartlebury,10/1/1349,3,5,10,1,1349,1349/1/10,52.327826,-2.2508729,Worcestershire,,
Withington,10/10/1343,3,6,10,10,1343,1343/10/10,51.833604,-1.9578672,Gloucestershire,,
Avignon,10/10/1344,3,6,10,10,1344,1344/10/10,43.949317,4.805528,,,
Hampton,10/11/1339,3,6,10,11,1339,1339/11/10,52.08535,-1.9722259,Worcestershire,,
Hampton Bishop,10/11/1339,3,6,10,11,1339,1339/11/10,52.038564,-2.6574537,Herefordshire,,
Hartlebury,10/11/345,3,6,10,11,/345,/345/11/10,52.327826,-2.2508729,Worcestershire,,
Hartlebury,10/12/1343,3,6,10,12,1343,1343/12/10,52.327826,-2.2508729,Worcestershire,,
Campden,10/2/1340,3,5,10,2,1340,1340/2/10,52.031209,-1.7827679,Gloucestershire,,
Winchcombe Deanery,10/3/1340,3,5,10,3,1340,1340/3/10,51.95049,-1.9723085,Gloucestershire,,
Spetchley,10/4/1339,3,5,10,4,1339,1339/4/10,52.175146,-2.1622727,Worcestershire,35,
Worcester,10/4/1339,3,5,10,4,1339,1339/4/10,52.184041,-2.2208098,Worcestershire,37; less than four miles to Worcester from Spetchley,
Hartlebury,10/4/1344,3,5,10,4,1344,1344/4/10,52.327826,-2.2508729,Worcestershire,,
Hartlebury,10/5/1339,3,5,10,5,1339,1339/5/10,52.327826,-2.2508729,Worcestershire,,
Hartlebury,10/5/1340,3,5,10,5,1340,1340/5/10,52.327826,-2.2508729,Worcestershire,,
Henbury,10/6/1340,3,5,10,6,1340,1340/6/10,51.499215,-2.6352549,Gloucestershire,130,
Tewkesbury,10/6/1346,3,5,10,6,1346,1346/6/10,51.986345,-2.1615883,Gloucestershire,,
Pucklechurch,10/7/1346,3,5,10,7,1346,1346/7/10,51.482098,-2.4478083,Gloucestershire,1102: ordinations,
Wellington,10/7/1347,3,5,10,7,1347,1347/7/10,50.97297,-3.2262471,Somerset,several places,
Hartlebury,10/7/1349,3,5,10,7,1349,1349/7/10,52.327826,-2.2508729,Worcestershire,,
Wick,10/8/1339,3,5,10,8,1339,1339/8/10,51.455178,-2.4331526,Gloucestershire,1128,
Henbury,10/8/1345,3,5,10,8,1345,1345/8/10,51.499215,-2.6352549,Gloucestershire,,
Hartlebury,10/9/1343,3,5,10,9,1343,1343/9/10,52.327826,-2.2508729,Worcestershire,,
Withington,10/9/1344,3,5,10,9,1344,1344/9/10,51.833604,-1.9578672,Gloucestershire,,
Ripple,10/9/1347,3,5,10,9,1347,1347/9/10,52.031254,-2.190903,Worcestershire,,
Hartlebury,11/10/1340,3,6,11,10,1340,1340/10/11,52.327826,-2.2508729,Worcestershire,,
Alvechurch,11/10/1341,3,6,11,10,1341,1341/10/11,52.34607,-1.9720644,Worcestershire,,
Blockley,11/10/1346,3,6,11,10,1346,1346/10/11,52.00421,-1.768331,"Worcs (det), locally in Gloucs",,
Warwick,11/11/1339,3,6,11,11,1339,1339/11/11,52.282434,-1.5909815,Warwickshire,,
Hartlebury,11/12/1340,3,6,11,12,1340,1340/12/11,52.327826,-2.2508729,Worcestershire,,
Campden,11/2/1340,3,5,11,2,1340,1340/2/11,52.031209,-1.7827679,Gloucestershire,,
Hartlebury,11/2/1345,3,5,11,2,1345,1345/2/11,52.327826,-2.2508729,Worcestershire,,
Prestbury,11/3/1340,3,5,11,3,1340,1340/3/11,53.294057,-2.148725,,,277
Cheltenham,11/3/1340,3,5,11,3,1340,1340/3/11,51.95049,-1.9723085,Gloucestershire,,117
Hartlebury,11/3/1346,3,5,11,3,1346,1346/3/11,52.327826,-2.2508729,Worcestershire,,
Hartlebury,11/4/1340,3,5,11,4,1340,1340/4/11,52.327826,-2.2508729,Worcestershire,,
Hartlebury,11/4/1349,3,5,11,4,1349,1349/4/11,52.327826,-2.2508729,Worcestershire,,
Hartlebury,11/5/1339,3,5,11,5,1339,1339/5/11,52.327826,-2.2508729,Worcestershire,,
Worcester,11/5/1340,3,5,11,5,1340,1340/5/11,52.184041,-2.2208098,Worcestershire,,
Hereford,11/5/1348,3,5,11,5,1348,1348/5/11,52.047214,-2.7159075,Herefordshire,,
Hartlebury,11/5/1349,3,5,11,5,1349,1349/5/11,52.327826,-2.2508729,Worcestershire,,
Hartlebury,11/6/1349,3,5,11,6,1349,1349/6/11,52.327826,-2.2508729,Worcestershire,,
Olveston,11/7/1346,3,5,11,7,1346,1346/7/11,51.580432,-2.5786601,Gloucestershire,,
Hartlebury,11/7/1349,3,5,11,7,1349,1349/7/11,52.327826,-2.2508729,Worcestershire,,
Hartlebury,11/9/1339,3,5,11,9,1339,1339/9/11,52.327826,-2.2508729,Worcestershire,,
Bosbury,11/9/1340,3,5,11,9,1340,1340/9/11,52.084478,-2.4538159,Herefordshire,,
Withington,11/9/1345,3,5,11,9,1345,1345/9/11,51.833604,-1.9578672,Gloucestershire,,
Withington,11/9/1345,3,5,11,9,1345,1345/9/11,51.833604,-1.9578672,,1243,
Hartlebury,11/9/1347,3,5,11,9,1347,1347/9/11,52.327826,-2.2508729,Worcestershire,,
Hartlebury,12/1/1345,3,5,12,1,1345,1345/1/12,52.327826,-2.2508729,Worcestershire,,
Hartlebury,12/1/1346,3,5,12,1,1346,1346/1/12,52.327826,-2.2508729,Worcestershire,,
Hartlebury,12/1/1348,3,5,12,1,1348,1348/1/12,52.327826,-2.2508729,Worcestershire,,
Alvechurch,12/10/1341,3,6,12,10,1341,1341/10/12,52.34607,-1.9720644,Worcestershire,,
Blockley,12/10/1345,3,6,12,10,1345,1345/10/12,52.00421,-1.768331,"Worcs (det), locally in Gloucs",,
Warwick,12/11/1339,3,6,12,11,1339,1339/11/12,52.282434,-1.5909815,Warwickshire,,
Hartlebury,12/12/1339,3,6,12,12,1339,1339/12/12,52.327826,-2.2508729,Worcestershire,,
Hartlebury,12/12/1341,3,6,12,12,1341,1341/12/12,52.327826,-2.2508729,Worcestershire,,
Hartlebury,12/12/1344,3,6,12,12,1344,1344/12/12,52.327826,-2.2508729,Worcestershire,,
Campden,12/2/1340,3,5,12,2,1340,1340/2/12,52.031209,-1.7827679,Gloucestershire,,
Hartlebury,12/2/1344,3,5,12,2,1344,1344/2/12,52.327826,-2.2508729,Worcestershire,,
Westminster,12/2/1346,3,5,12,2,1346,1346/2/12,51.495233,-0.1431191,Middlesex,,
Winchcombe Deanery,12/3/1340,3,5,12,3,1340,1340/3/12,51.95049,-1.9723085,Gloucestershire,,
Hartlebury,12/3/1345,3,5,12,3,1345,1345/3/12,52.327826,-2.2508729,Worcestershire,,
Hadham,12/3/1346,3,5,12,3,1346,1346/3/12,51.851537,0.06027292,Hertfordshire,,
Hartlebury,12/3/1439,3,5,12,3,1439,1439/3/12,52.327826,-2.2508729,Worcestershire,,
Worcester,12/4/1339,3,5,12,4,1339,1339/4/12,52.184041,-2.2208098,Worcestershire,,
Hartlebury,12/4/1340,3,5,12,4,1340,1340/4/12,52.327826,-2.2508729,Worcestershire,,
Hartlebury,12/4/1341,3,5,12,4,1341,1341/4/12,52.327826,-2.2508729,Worcestershire,,
Hartlebury,12/4/1343,3,5,12,4,1343,1343/4/12,52.327826,-2.2508729,Worcestershire,,
Hartlebury,12/4/1346,3,5,12,4,1346,1346/4/12,52.327826,-2.2508729,Worcestershire,775,
Hartlebury,12/4/1348,3,5,12,4,1348,1348/4/12,52.327826,-2.2508729,Worcestershire,,
Hartlebury,12/5/1349,3,5,12,5,1349,1349/5/12,52.327826,-2.2508729,Worcestershire,,
Hartlebury,12/6/1347,3,5,12,6,1347,1347/6/12,52.327826,-2.2508729,Worcestershire,,
Hartlebury,12/6/1349,3,5,12,6,1349,1349/6/12,52.327826,-2.2508729,Worcestershire,,
Bredon,12/7/1339,3,5,12,7,1339,1339/7/12,52.022359,-2.1179982,Worcestershire,,
Blockley,12/7/1340,3,5,12,7,1340,1340/7/12,52.00421,-1.768331,"Worcs (det), locally in Gloucs",,
Tredington,12/7/1340,3,5,12,7,1340,1340/7/12,52.084793,-1.6365709,"Worcs (det), locally in Warks",,
Droitwich,12/7/1344,3,5,12,7,1344,1344/7/12,52.265068,-2.1479485,Worcestershire,,
Hartlebury,12/7/1347,3,5,12,7,1347,1347/7/12,52.327826,-2.2508729,Worcestershire,,
Wick-by-Worcester,12/8/1339,3,5,12,8,1339,1339/8/12,52.174992,-2.2500114,Worcestershire,,
Hartlebury,12/8/1344,3,5,12,8,1344,1344/8/12,52.327826,-2.2508729,Worcestershire,,
Withington,12/9/1341,3,5,12,9,1341,1341/9/12,51.833604,-1.9578672,Gloucestershire,,
Hartlebury,12/9/1342,3,5,12,9,1342,1342/9/12,52.327826,-2.2508729,Worcestershire,,
Withington,12/9/1344,3,5,12,9,1344,1344/9/12,51.833604,-1.9578672,,1224,
Hartlebury,13/1/1340,3,5,13,1,1340,1340/1/13,52.327826,-2.2508729,Worcestershire,,
Hartlebury,13/1/1345,3,5,13,1,1345,1345/1/13,52.327826,-2.2508729,Worcestershire,,
Hartlebury,13/11/1339,3,6,13,11,1339,1339/11/13,52.327826,-2.2508729,Worcestershire,,
Hartlebury,13/12/1348,3,6,13,12,1348,1348/12/13,52.327826,-2.2508729,Worcestershire,,
Broadway,13/2/1340,3,5,13,2,1340,1340/2/13,52.031338,-1.8702251,Worcestershire,,
Hartlebury,13/2/1341,3,5,13,2,1341,1341/2/13,52.327826,-2.2508729,Worcestershire,,
Hartlebury,13/2/1349,3,5,13,2,1349,1349/2/13,52.327826,-2.2508729,Worcestershire,,
Winchcombe Deanery,13/3/1340,3,5,13,3,1340,1340/3/13,51.95049,-1.9723085,Gloucestershire,,
Hartlebury,13/3/1349,3,5,13,3,1349,1349/3/13,52.327826,-2.2508729,Worcestershire,,
Worcester,13/4/1339,3,5,13,4,1339,1339/4/13,52.184041,-2.2208098,Worcestershire,,
Hartlebury,13/4/1340,3,5,13,4,1340,1340/4/13,52.327826,-2.2508729,Worcestershire,,
Hartlebury,13/4/1342,3,5,13,4,1342,1342/4/13,52.327826,-2.2508729,Worcestershire,,
Kempsey,13/5/1339,3,5,13,5,1339,1339/5/13,52.139089,-2.2205872,Worcestershire,,
Hartlebury,13/5/1341,3,5,13,5,1341,1341/5/13,52.327826,-2.2508729,Worcestershire,,
Bredon,13/6/1346,3,5,13,6,1346,1346/6/13,52.022359,-2.1179982,Worcestershire,1268,
Alvechurch,13/7/1344,3,5,13,7,1344,1344/7/13,52.34607,-1.9720644,Worcestershire,,
Hartlebury,13/7/1349,3,5,13,7,1349,1349/7/13,52.327826,-2.2508729,Worcestershire,,
Bredon,13/8/1341,3,5,13,8,1341,1341/8/13,52.022359,-2.1179982,Worcestershire,,
Tewkesbury,13/8/1347,3,5,13,8,1347,1347/8/13,51.986345,-2.1615883,Gloucestershire,,
Worcester,14/10/1339,3,6,14,10,1339,1339/10/14,52.184041,-2.2208098,Worcestershire,,
Hartlebury,14/10/1348,3,6,14,10,1348,1348/10/14,52.327826,-2.2508729,Worcestershire,,
Alvechurch,14/11/1340,3,6,14,11,1340,1340/11/14,52.34607,-1.9720644,Worcestershire,366,
Hartlebury,14/11/1340,3,6,14,11,1340,1340/11/14,52.327826,-2.2508729,Worcestershire,368,
Hartlebury,14/11/1341,3,6,14,11,1341,1341/11/14,52.327826,-2.2508729,Worcestershire,,
Hereford,14/11/1346,3,6,14,11,1346,1346/11/14,52.047214,-2.7159075,Herefordshire,,
Hartlebury,14/11/1348,3,6,14,11,1348,1348/11/14,52.327826,-2.2508729,Worcestershire,,
Hartlebury,14/12/1340,3,6,14,12,1340,1340/12/14,52.327826,-2.2508729,Worcestershire,,
Worcester,14/12/1345,3,6,14,12,1345,1345/12/14,52.184041,-2.2208098,Worcestershire,,
Campden,14/2/1340,3,5,14,2,1340,1340/2/14,52.031209,-1.7827679,Gloucestershire,117,
Ebrington,14/2/1340,3,5,14,2,1340,1340/2/14,52.058092,-1.7388827,Gloucestershire,255,
Farnham,14/3/1345,3,5,14,3,1345,1345/3/14,51.207042,-0.7989388,Surrey,,
Towcester,14/3/1348,3,5,14,3,1348,1348/3/14,52.126013,-0.9935092,Northamptonshire,,
Hartlebury,14/4/1344,3,5,14,4,1344,1344/4/14,52.327826,-2.2508729,Worcestershire,,
Bredon,14/5/1339,3,5,14,5,1339,1339/5/14,52.022359,-2.1179982,,1119,
Bredon,14/5/1340,3,5,14,5,1340,1340/5/14,52.022359,-2.1179982,Worcestershire,,
Hartlebury,14/5/1349,3,5,14,5,1349,1349/5/14,52.327826,-2.2508729,Worcestershire,,
Henbury,14/6/1342,3,5,14,6,1342,1342/6/14,51.499215,-2.6352549,Gloucestershire,,
Hartlebury,14/6/1349,3,5,14,6,1349,1349/6/14,52.327826,-2.2508729,Worcestershire,,
Tredington,14/7/1340,3,5,14,7,1340,1340/7/14,52.084793,-1.6365709,"Worcs (det), locally in Warks",,
Alvechurch,14/7/1344,3,5,14,7,1344,1344/7/14,52.34607,-1.9720644,Worcestershire,,
Henbury,14/7/1345,3,5,14,7,1345,1345/7/14,51.499215,-2.6352549,Gloucestershire,,
Wick-by-Worcester,14/8/1340,3,5,14,8,1340,1340/8/14,52.174992,-2.2500114,Worcestershire,,
Withington,14/9/1345,3,5,14,9,1345,1345/9/14,51.833604,-1.9578672,Gloucestershire,,
Hartlebury,15/1/1340,3,5,15,1,1340,1340/1/15,52.327826,-2.2508729,Worcestershire,,
Withington,15/10/1342,3,6,15,10,1342,1342/10/15,51.833604,-1.9578672,Gloucestershire,,
Potterne,15/10/1343,3,6,15,10,1343,1343/10/15,51.321104,-2.0157356,Wiltshire,,
Bredon,15/10/1344,3,6,15,10,1344,1344/10/15,52.022359,-2.1179982,Worcestershire,,
Alvechurch,15/10/1347,3,6,15,10,1347,1347/10/15,52.34607,-1.9720644,Worcestershire,,
Hartlebury,15/10/1348,3,6,15,10,1348,1348/10/15,52.327826,-2.2508729,Worcestershire,,
Rowington,15/11/1339,3,6,15,11,1339,1339/11/15,52.318743,-1.7080117,Warwickshire,,
Campden,15/2/1340,3,5,15,2,1340,1340/2/15,52.031209,-1.7827679,Gloucestershire,,
Winchcombe,15/3/1340,3,5,15,3,1340,1340/3/15,51.95049,-1.9723085,Gloucestershire,,
Alvechurch,15/4/1340,3,5,15,4,1340,1340/4/15,52.34607,-1.9720644,Worcestershire,,
Hartlebury,15/4/1346,3,5,15,4,1346,1346/4/15,52.327826,-2.2508729,Worcestershire,,
Hartlebury,15/4/1349,3,5,15,4,1349,1349/4/15,52.327826,-2.2508729,Worcestershire,,
Bredon,15/5/1339,3,5,15,5,1339,1339/5/15,52.022359,-2.1179982,Worcestershire,,
Bredon,15/5/1340,3,5,15,5,1340,1340/5/15,52.022359,-2.1179982,Worcestershire,,
Hartlebury,15/5/1349,3,5,15,5,1349,1349/5/15,52.327826,-2.2508729,Worcestershire,,
Oxford,15/6/1339,3,5,15,6,1339,1339/6/15,51.750381,-1.2626274,Oxfordshire,,
Henbury,15/6/1340,3,5,15,6,1340,1340/6/15,51.499215,-2.6352549,Gloucestershire,,
Henbury,15/6/1342,3,5,15,6,1342,1342/6/15,51.499215,-2.6352549,Gloucestershire,,
Glasshampton,15/7/1340,3,5,15,7,1340,1340/7/15,52.299793,-2.316227,,,
Hartlebury,15/7/1349,3,5,15,7,1349,1349/7/15,52.327826,-2.2508729,Worcestershire,,
Hartlebury,15/9/1340,3,5,15,9,1340,1340/9/15,52.327826,-2.2508729,Worcestershire,,
Great Malvern,15/9/1343,3,5,15,9,1343,1343/9/15,52.1114,-2.329,Worcestershire,1181,Coords source: https://en.wikipedia.org/wiki/Great_Malvern
Withington,15/9/1345,3,5,15,9,1345,1345/9/15,51.833604,-1.9578672,Gloucestershire,,
Westminster,15/9/1346,3,5,15,9,1346,1346/9/15,51.495233,-0.1431191,Middlesex,,
Hartlebury,16/1/1341,3,5,16,1,1341,1341/1/16,52.327826,-2.2508729,Worcestershire,,
Hartlebury,16/1/1348,3,5,16,1,1348,1348/1/16,52.327826,-2.2508729,Worcestershire,,
Worcester,16/10/1339,3,6,16,10,1339,1339/10/16,52.184041,-2.2208098,Worcestershire,,
Hartlebury,16/11/1346,3,6,16,11,1346,1346/11/16,52.327826,-2.2508729,Worcestershire,,
Hartlebury,16/11/1348,3,6,16,11,1348,1348/11/16,52.327826,-2.2508729,Worcestershire,,
Hartlebury,16/12/1339,3,6,16,12,1339,1339/12/16,52.327826,-2.2508729,Worcestershire,,
Hartlebury,16/12/1340,3,6,16,12,1340,1340/12/16,52.327826,-2.2508729,Worcestershire,,
Hartlebury,16/12/1345,3,6,16,12,1345,1345/12/16,52.327826,-2.2508729,Worcestershire,,
Hartlebury,16/12/1348,3,6,16,12,1348,1348/12/16,52.327826,-2.2508729,Worcestershire,,
London,16/2/1339,3,5,16,2,1339,1339/2/16,51.512747,-0.1135832,Middlesex,"#6,7,8",
Stow,16/2/1340,3,5,16,2,1340,1340/2/16,53.318625,-0.680449,Lincolnshire,,
Hartlebury,16/3/1342,3,5,16,3,1342,1342/3/16,52.327826,-2.2508729,Worcestershire,,
Hartlebury,16/3/1348,3,5,16,3,1348,1348/3/16,52.327826,-2.2508729,Worcestershire,,
Hartlebury,16/3/1349,3,5,16,3,1349,1349/3/16,52.327826,-2.2508729,Worcestershire,,
Tewkesbury,16/4/1341,3,5,16,4,1341,1341/4/16,51.986345,-2.1615883,Gloucestershire,,
Hartlebury,16/5/1349,3,5,16,5,1349,1349/5/16,52.327826,-2.2508729,Worcestershire,,
Bredon,16/6/1339,3,5,16,6,1339,1339/6/16,52.022359,-2.1179982,Worcestershire,,
Bredon,16/6/1339,3,5,16,6,1339,1339/6/16,52.022359,-2.1179982,Worcestershire,1122,
Westminster,16/6/1339,3,5,16,6,1339,1339/6/16,51.495233,-0.1431191,Middlesex,1122,
Henbury,16/6/1340,3,5,16,6,1340,1340/6/16,51.499215,-2.6352549,Gloucestershire,,
Westminster,16/6/1347,3,5,16,6,1347,1347/6/16,51.495233,-0.1431191,Middlesex,,
Hartlebury,16/6/1349,3,5,16,6,1349,1349/6/16,52.327826,-2.2508729,Worcestershire,,
Alvechurch,16/7/1344,3,5,16,7,1344,1344/7/16,52.34607,-1.9720644,Worcestershire,,
Hartlebury,16/7/1347,3,5,16,7,1347,1347/7/16,52.327826,-2.2508729,Worcestershire,,
Hartlebury,16/7/1349,3,5,16,7,1349,1349/7/16,52.327826,-2.2508729,Worcestershire,,
Worcester,16/8/1340,3,5,16,8,1340,1340/8/16,52.184041,-2.2208098,Worcestershire,,
Henbury in Salt Marsh,16/8/1345,3,5,16,8,1345,1345/8/16,51.492383,-2.619894,Gloucestershire,,
Hartlebury,16/9/1340,3,5,16,9,1340,1340/9/16,52.327826,-2.2508729,Worcestershire,,
Hartlebury,17/1/1343,3,5,17,1,1343,1343/1/17,52.327826,-2.2508729,Worcestershire,,
Hartlebury,17/1/1344,3,5,17,1,1344,1344/1/17,52.327826,-2.2508729,Worcestershire,,
Hartlebury,17/1/1349,3,5,17,1,1349,1349/1/17,52.327826,-2.2508729,Worcestershire,,
St. Katherine next Lincoln,17/11/1347,3,6,17,11,1347,1347/11/17,51.503293,-0.0851556,Middlesex,,
Hartlebury,17/12/1340,3,6,17,12,1340,1340/12/17,52.327826,-2.2508729,Worcestershire,,
Hartlebury,17/12/1341,3,6,17,12,1341,1341/12/17,52.327826,-2.2508729,Worcestershire,,
Hartlebury,17/12/1345,3,6,17,12,1345,1345/12/17,52.327826,-2.2508729,Worcestershire,,
Hartlebury,17/12/1348,3,6,17,12,1348,1348/12/17,52.327826,-2.2508729,Worcestershire,,
Stow,17/2/1340,3,5,17,2,1340,1340/2/17,53.318625,-0.680449,Lincolnshire,,
Hartlebury,17/2/1344,3,5,17,2,1344,1344/2/17,52.327826,-2.2508729,Worcestershire,,
Cropthorne,17/2/1346,3,5,17,2,1346,1346/2/17,52.094342,-2.0160108,Worcestershire,,
Hartlebury,17/3/1345,3,5,17,3,1345,1345/3/17,52.327826,-2.2508729,Worcestershire,,
Stow,17/4/1347,3,5,17,4,1347,1347/4/17,53.318625,-0.680449,Lincolnshire,,
Bredon,17/5/1339,3,5,17,5,1339,1339/5/17,52.022359,-2.1179982,Worcestershire,,
Bredon,17/6/1339,3,5,17,6,1339,1339/6/17,52.022359,-2.1179982,Worcestershire,,
Henbury,17/6/1340,3,5,17,6,1340,1340/6/17,51.499215,-2.6352549,Gloucestershire,,
Blockley,17/7/1340,3,5,17,7,1340,1340/7/17,52.00421,-1.768331,"Worcs (det), locally in Gloucs",,
Bredon,17/7/1345,3,5,17,7,1345,1345/7/17,52.022359,-2.1179982,Worcestershire,,
Hartlebury,17/7/1349,3,5,17,7,1349,1349/7/17,52.327826,-2.2508729,Worcestershire,,
Bredon,17/9/1340,3,5,17,9,1340,1340/9/17,52.022359,-2.1179982,Worcestershire,,
Hartlebury,18/1/1344,3,5,18,1,1344,1344/1/18,52.327826,-2.2508729,Worcestershire,,
Hartlebury,18/1/1347,3,5,18,1,1347,1347/1/18,52.327826,-2.2508729,Worcestershire,,
Worcester,18/10/1339,3,6,18,10,1339,1339/10/18,52.184041,-2.2208098,Worcestershire,,
Hartlebury,18/12/1340,3,6,18,12,1340,1340/12/18,52.327826,-2.2508729,Worcestershire,,
London,18/2/1339,3,5,18,2,1339,1339/2/18,51.512747,-0.1135832,Middlesex,16,
Stow,18/2/1340,3,5,18,2,1340,1340/2/18,53.318625,-0.680449,Lincolnshire,,
Hartlebury,18/2/1349,3,5,18,2,1349,1349/2/18,52.327826,-2.2508729,Worcestershire,,
Hartlebury,18/3/1342,3,5,18,3,1342,1342/3/18,52.327826,-2.2508729,Worcestershire,,
Hartlebury,18/3/1345,3,5,18,3,1345,1345/3/18,52.327826,-2.2508729,Worcestershire,,
Hartlebury,18/3/1349,3,5,18,3,1349,1349/3/18,52.327826,-2.2508729,Worcestershire,,
Alvechurch,18/4/1340,3,5,18,4,1340,1340/4/18,52.34607,-1.9720644,Worcestershire,,
Hinton,18/4/1340,3,5,18,4,1340,1340/4/18,51.724799,-2.4646811,Gloucestershire,several places,
Hartlebury,18/4/1341,3,5,18,4,1341,1341/4/18,52.327826,-2.2508729,Worcestershire,,
Hanslope,18/4/1343,3,5,18,4,1343,1343/4/18,52.106555,-0.8333315,Buckinghamshire,,
Hartlebury,18/4/1346,3,5,18,4,1346,1346/4/18,52.327826,-2.2508729,Worcestershire,,
Hartlebury,18/4/1349,3,5,18,4,1349,1349/4/18,52.327826,-2.2508729,Worcestershire,,
Bredon,18/5/1339,3,5,18,5,1339,1339/5/18,52.022359,-2.1179982,Worcestershire,1123,
Bredon,18/5/1340,3,5,18,5,1340,1340/5/18,52.022359,-2.1179982,Worcestershire,117,
Tewkesbury,18/5/1340,3,5,18,5,1340,1340/5/18,51.986345,-2.1615883,Gloucestershire,117,
Westminster,18/5/1343,3,5,18,5,1343,1343/5/18,51.495233,-0.1431191,Middlesex,1346? Dubious?,
Hampton,18/6/1341,3,5,18,6,1341,1341/6/18,52.08535,-1.9722259,Worcestershire,,
Hartlebury,18/6/1349,3,5,18,6,1349,1349/6/18,52.327826,-2.2508729,Worcestershire,,
Bredon,18/7/1339,3,5,18,7,1339,1339/7/18,52.022359,-2.1179982,Worcestershire,,
Hartlebury,18/7/1349,3,5,18,7,1349,1349/7/18,52.327826,-2.2508729,Worcestershire,,
Hartlebury,19/1/1341,3,5,19,1,1341,1341/1/19,52.327826,-2.2508729,Worcestershire,,
Hartlebury,19/1/1344,3,5,19,1,1344,1344/1/19,52.327826,-2.2508729,Worcestershire,,
Hartlebury,19/1/1347,3,5,19,1,1347,1347/1/19,52.327826,-2.2508729,Worcestershire,,
Hartlebury,19/1/1348,3,5,19,1,1348,1348/1/19,52.327826,-2.2508729,Worcestershire,,
Hartlebury,19/10/1348,3,6,19,10,1348,1348/10/19,52.327826,-2.2508729,Worcestershire,,
Hartlebury,19/11/1340,3,6,19,11,1340,1340/11/19,52.327826,-2.2508729,Worcestershire,,
Hartlebury,19/12/1348,3,6,19,12,1348,1348/12/19,52.327826,-2.2508729,Worcestershire,,
London,19/2/1339,3,5,19,2,1339,1339/2/19,51.512747,-0.1135832,Middlesex,16,
Fairford,19/2/1340,3,5,19,2,1340,1340/2/19,51.698548,-1.7843625,Gloucestershire,,
Hartlebury,19/2/1344,3,5,19,2,1344,1344/2/19,52.327826,-2.2508729,Worcestershire,,
Hartlebury,19/2/1345,3,5,19,2,1345,1345/2/19,52.327826,-2.2508729,Worcestershire,,
Hartlebury,19/2/1348,3,5,19,2,1348,1348/2/19,52.327826,-2.2508729,Worcestershire,,
Hartlebury,19/2/1349,3,5,19,2,1349,1349/2/19,52.327826,-2.2508729,Worcestershire,,
Tanworth,19/3/1342,3,5,19,3,1342,1342/3/19,52.327985,-1.8400134,Warwickshire,,
Hartlebury,19/3/1349,3,5,19,3,1349,1349/3/19,52.327826,-2.2508729,Worcestershire,,
Tewkesbury,19/4/1345,3,5,19,4,1345,1345/4/19,51.986345,-2.1615883,Gloucestershire,,
Bredon,19/5/1339,3,5,19,5,1339,1339/5/19,52.022359,-2.1179982,Worcestershire,,
Bredon,19/5/1340,3,5,19,5,1340,1340/5/19,52.022359,-2.1179982,Worcestershire,,
Bristol Deanery,19/6/1340,3,5,19,6,1340,1340/6/19,51.47254,-2.5772934,Gloucestershire,,
Hartlebury,19/6/1347,3,5,19,6,1347,1347/6/19,52.327826,-2.2508729,Worcestershire,,
Hartlebury,19/6/1349,3,5,19,6,1349,1349/6/19,52.327826,-2.2508729,Worcestershire,,
Henbury in Salt Marsh,19/7/1345,3,5,19,7,1345,1345/7/19,51.492383,-2.619894,Gloucestershire,,
Hartlebury,19/7/1349,3,5,19,7,1349,1349/7/19,52.327826,-2.2508729,Worcestershire,,
Hartlebury,19/9/1339,3,5,19,9,1339,1339/9/19,52.327826,-2.2508729,Worcestershire,,
Bishops Cleeve,19/9/1343,3,5,19,9,1343,1343/9/19,51.947366,-2.060942,,,
Gloucester,19/9/1344,3,5,19,9,1344,1344/9/19,51.860322,-2.2482616,Gloucestershire,1225,
Alvechurch,2/11/1340,2,5,2,11,1340,1340/11/2,52.34607,-1.9720644,Worcestershire,,
Alvechurch,9/11/1340,2,5,9,11,1340,1340/11/9,52.34607,-1.9720644,Worcestershire,366,
Hartlebury,2/12/1341,2,5,2,12,1341,1341/12/2,52.327826,-2.2508729,Worcestershire,,
Ramsbury,2/12/1347,2,5,2,12,1347,1347/12/2,51.437358,-1.6129552,Wiltshire,,
Wick,2/12/1348,2,5,2,12,1348,1348/12/2,51.455178,-2.4331526,Gloucestershire,several places,
Hartlebury,2/2/1342,2,4,2,2,1342,1342/2/2,52.327826,-2.2508729,Worcestershire,,
Hartlebury,2/2/1346,2,4,2,2,1346,1346/2/2,52.327826,-2.2508729,Worcestershire,,
Hillingdon,2/3/1339,2,4,2,3,1339,1339/3/2,51.526595,-0.4445791,Middlesex,,
Stonehouse Deanery,2/3/1340,2,4,2,3,1340,1340/3/2,51.74334,-2.2910695,Gloucestershire,several places,
Hartlebury,2/3/1341,2,4,2,3,1341,1341/3/2,52.327826,-2.2508729,Worcestershire,,
Hartlebury,2/3/1342,2,4,2,3,1342,1342/3/2,52.327826,-2.2508729,Worcestershire,,
Hartlebury,2/3/1344,2,4,2,3,1344,1344/3/2,52.327826,-2.2508729,Worcestershire,,
Hartlebury,2/3/1345,2,4,2,3,1345,1345/3/2,52.327826,-2.2508729,Worcestershire,,
Milborne,2/4/1348,2,4,2,4,1348,1348/4/2,51.581826,-2.0879871,Wiltshire,several places,
Hartlebury,2/5/1339,2,4,2,5,1339,1339/5/2,52.327826,-2.2508729,Worcestershire,,
Hartlebury,2/5/1349,2,4,2,5,1349,1349/5/2,52.327826,-2.2508729,Worcestershire,,
Iron Acton,2/6/1340,2,4,2,6,1340,1340/6/2,51.549,-2.463,Gloucestershire,117,
Pucklechurch,1/6/1340,2,4,1,6,1340,1340/6/1,51.482098,-2.4478083,Gloucestershire,117,
Henbury,2/6/1342,2,4,2,6,1342,1342/6/2,51.499215,-2.6352549,Gloucestershire,,
Blockley,2/6/1344,2,4,2,6,1344,1344/6/2,52.00421,-1.768331,"Worcs (det), locally in Gloucs",,
Alvechurch,2/7/1344,2,4,2,7,1344,1344/7/2,52.34607,-1.9720644,Worcestershire,,
Hartlebury,2/7/1349,2,4,2,7,1349,1349/7/2,52.327826,-2.2508729,Worcestershire,,
Withington,2/8/1341,2,4,2,8,1341,1341/8/2,51.833604,-1.9578672,Gloucestershire,,
Hartlebury,2/9/1339,2,4,2,9,1339,1339/9/2,52.327826,-2.2508729,Worcestershire,,
Withington,2/9/1341,2,4,2,9,1341,1341/9/2,51.833604,-1.9578672,Gloucestershire,,
Hartlebury,20/1/1341,3,5,20,1,1341,1341/1/20,52.327826,-2.2508729,Worcestershire,,
Hartlebury,20/1/1344,3,5,20,1,1344,1344/1/20,52.327826,-2.2508729,Worcestershire,,
Hartlebury,20/1/1349,3,5,20,1,1349,1349/1/20,52.327826,-2.2508729,Worcestershire,,
Powick,20/10/1339,3,6,20,10,1339,1339/10/20,52.157012,-2.2499105,Worcestershire,,
Kennington,20/10/1342,3,6,20,10,1342,1342/10/20,51.714328,-1.2487393,Berkshire,several places,
Gimingham,20/10/1343,3,6,20,10,1343,1343/10/20,52.873127,1.386457,Norfolk,,
Hartlebury,20/11/1348,3,6,20,11,1348,1348/11/20,52.327826,-2.2508729,Worcestershire,,
Hartlebury,20/12/1343,3,6,20,12,1343,1343/12/20,52.327826,-2.2508729,Worcestershire,,
Sutton Coldfield,20/12/1343,3,6,20,12,1343,1343/12/20,52.561703,-1.8244144,Warwickshire,,
Hartlebury,20/12/1345,3,6,20,12,1345,1345/12/20,52.327826,-2.2508729,Worcestershire,,
Hartlebury,20/12/1348,3,6,20,12,1348,1348/12/20,52.327826,-2.2508729,Worcestershire,,
Fairford,20/2/1340,3,5,20,2,1340,1340/2/20,51.698548,-1.7843625,Gloucestershire,,
Hartlebury,20/2/1349,3,5,20,2,1349,1349/2/20,52.327826,-2.2508729,Worcestershire,,
Berkhamstead,20/3/1339,3,5,20,3,1339,1339/3/20,51.762118,-0.5814044,Hertfordshire,error 1115,
Hartlebury,20/3/1341,3,5,20,3,1341,1341/3/20,52.327826,-2.2508729,Worcestershire,,
Hartlebury,20/3/1342,3,5,20,3,1342,1342/3/20,52.327826,-2.2508729,Worcestershire,,
Hartlebury,20/3/1344,3,5,20,3,1344,1344/3/20,52.327826,-2.2508729,Worcestershire,,
Hartlebury,20/3/1345,3,5,20,3,1345,1345/3/20,52.327826,-2.2508729,Worcestershire,1236,
Hartlebury,20/3/1346,3,5,20,3,1346,1346/3/20,52.327826,-2.2508729,Worcestershire,,
Hartlebury,20/3/1349,3,5,20,3,1349,1349/3/20,52.327826,-2.2508729,Worcestershire,,
Hartlebury,20/4/1345,3,5,20,4,1345,1345/4/20,52.327826,-2.2508729,Worcestershire,?,
Llanthony next Gloucester,20/4/1345,3,5,20,4,1345,1345/4/20,51.860322,-2.2482616,Gloucestershire,1085,
Bredon,20/5/1339,3,5,20,5,1339,1339/5/20,52.022359,-2.1179982,Worcestershire,,
Blockley,20/5/1344,3,5,20,5,1344,1344/5/20,52.00421,-1.768331,"Worcs (det), locally in Gloucs",,
Alvechurch,20/5/1348,3,5,20,5,1348,1348/5/20,52.34607,-1.9720644,Worcestershire,,
Bredon,20/6/1339,3,5,20,6,1339,1339/6/20,52.022359,-2.1179982,Worcestershire,1127,
Blockley,20/6/1340,3,5,20,6,1340,1340/6/20,52.00421,-1.768331,"Worcs (det), locally in Gloucs",152,
Henbury,20/6/1340,3,5,20,6,1340,1340/6/20,51.499215,-2.6352549,Gloucestershire,,
Blockley,20/6/1341,3,5,20,6,1341,1341/6/20,52.00421,-1.768331,"Worcs (det), locally in Gloucs",,
Cofton,20/6/1343,3,5,20,6,1343,1343/6/20,53.648131,-1.426612,"Yorkshire, West Riding",,
Bredon,20/6/1345,3,5,20,6,1345,1345/6/20,52.022359,-2.1179982,Worcestershire,,
Bredon,20/6/1346,3,5,20,6,1346,1346/6/20,52.022359,-2.1179982,Worcestershire,,
Hartlebury,20/6/1347,3,5,20,6,1347,1347/6/20,52.327826,-2.2508729,Worcestershire,1297,
Bredon,20/7/1339,3,5,20,7,1339,1339/7/20,52.022359,-2.1179982,Worcestershire,1126,
Blockley,20/7/1340,3,5,20,7,1340,1340/7/20,52.00421,-1.768331,"Worcs (det), locally in Gloucs",,
Kidderminster,20/7/1340,3,5,20,7,1340,1340/7/20,52.381734,-2.2658701,Worcestershire,,
Hartlebury,20/7/1349,3,5,20,7,1349,1349/7/20,52.327826,-2.2508729,Worcestershire,,
Hartlebury,20/8/1347,3,5,20,8,1347,1347/8/20,52.327826,-2.2508729,Worcestershire,,
Tewkesbury,20/8/1347,3,5,20,8,1347,1347/8/20,51.986345,-2.1615883,Gloucestershire,,
Gloucester,20/9/1342,3,5,20,9,1342,1342/9/20,51.860322,-2.2482616,Gloucestershire,,
Bishops Cleeve,20/9/1343,3,5,20,9,1343,1343/9/20,51.947366,-2.060942,,,
Arrow,21/1/1343,3,5,21,1,1343,1343/1/21,52.202186,-1.8989933,Warwickshire,,
Wick by Worcester,21/1/1347,3,5,21,1,1347,1347/1/21,52.174992,-2.2500114,Worcestershire,,
Hartlebury,21/1/1349,3,5,21,1,1349,1349/1/21,52.327826,-2.2508729,Worcestershire,,
Longdon,21/10/1339,3,6,21,10,1339,1339/10/21,52.022154,-2.2491575,Worcestershire,,
Alvechurch,21/10/1340,3,6,21,10,1340,1340/10/21,52.34607,-1.9720644,Worcestershire,,
Hartlebury,21/10/1341,3,6,21,10,1341,1341/10/21,52.327826,-2.2508729,Worcestershire,,
Hartlebury,21/10/1341,3,6,21,10,1341,1341/10/21,52.327826,-2.2508729,Worcestershire,,
Hartlebury,21/12/1342,3,6,21,12,1342,1342/12/21,52.327826,-2.2508729,Worcestershire,,
Auckland,21/12/1344,3,6,21,12,1344,1344/12/21,54.655702,-1.6915216,Durham,,
Hartlebury,21/12/1344,3,6,21,12,1344,1344/12/21,52.327826,-2.2508729,Worcestershire,,
Hartlebury,21/12/1348,3,6,21,12,1348,1348/12/21,52.327826,-2.2508729,Worcestershire,,
Fairford,21/2/1340,3,5,21,2,1340,1340/2/21,51.698548,-1.7843625,Gloucestershire,,
Hartlebury,21/2/1349,3,5,21,2,1349,1349/2/21,52.327826,-2.2508729,Worcestershire,,
Canterbury,21/3/1339,3,5,21,3,1339,1339/3/21,51.27195,1.0665648,Kent,,
Tewkesbury,21/3/1345,3,5,21,3,1345,1345/3/21,51.986345,-2.1615883,Gloucestershire,,
Bristol,21/3/1349,3,5,21,3,1349,1349/3/21,51.47254,-2.5772934,Gloucestershire,,
Worcester,21/4/1340,3,5,21,4,1340,1340/4/21,52.184041,-2.2208098,Worcestershire,,
Hartlebury,21/4/1349,3,5,21,4,1349,1349/4/21,52.327826,-2.2508729,Worcestershire,,
Bredon,21/5/1345,3,5,21,5,1345,1345/5/21,52.022359,-2.1179982,Worcestershire,,
Bristol Deanery,21/6/1340,3,5,21,6,1340,1340/6/21,51.47254,-2.5772934,Gloucestershire,,
Blockley,21/6/1341,3,5,21,6,1341,1341/6/21,52.00421,-1.768331,"Worcs (det), locally in Gloucs",,
Hartlebury,21/6/1349,3,5,21,6,1349,1349/6/21,52.327826,-2.2508729,Worcestershire,,
Bredon,21/7/1339,3,5,21,7,1339,1339/7/21,52.022359,-2.1179982,Worcestershire,,
Blockley,21/7/1340,3,5,21,7,1340,1340/7/21,52.00421,-1.768331,"Worcs (det), locally in Gloucs",,
Hartlebury,21/7/1349,3,5,21,7,1349,1349/7/21,52.327826,-2.2508729,Worcestershire,,
Pinley,21/8/1342,3,5,21,8,1342,1342/8/21,52.389913,-1.4871298,Warwickshire,,
Tewkesbury,21/8/1347,3,5,21,8,1347,1347/8/21,51.986345,-2.1615883,Gloucestershire,,
Gloucester,21/9/1342,3,5,21,9,1342,1342/9/21,51.860322,-2.2482616,Gloucestershire,,
Hartlebury,22/1/1341,3,5,22,1,1341,1341/1/22,52.327826,-2.2508729,Worcestershire,,
Alcester,22/1/1343,3,5,22,1,1343,1343/1/22,52.417951,-1.8985023,Worcestershire,,
Alvechurch,22/1/1346,3,5,22,1,1346,1346/1/22,52.34607,-1.9720644,Worcestershire,,
Worcester,22/1/1347,3,5,22,1,1347,1347/1/22,52.184041,-2.2208098,Worcestershire,,
Hartlebury,22/11/1344,3,6,22,11,1344,1344/11/22,52.327826,-2.2508729,Worcestershire,,
Hartlebury,22/12/1343,3,6,22,12,1343,1343/12/22,52.327826,-2.2508729,Worcestershire,,
Hartlebury,22/12/1344,3,6,22,12,1344,1344/12/22,52.327826,-2.2508729,Worcestershire,,
Hartlebury,22/12/1348,3,6,22,12,1348,1348/12/22,52.327826,-2.2508729,Worcestershire,,
Fairford,22/2/1340,3,5,22,2,1340,1340/2/22,51.698548,-1.7843625,Gloucestershire,,
Hartlebury,22/2/1344,3,5,22,2,1344,1344/2/22,52.327826,-2.2508729,Worcestershire,,
Hartlebury,22/2/1349,3,5,22,2,1349,1349/2/22,52.327826,-2.2508729,Worcestershire,,
Hartlebury,22/3/1340,3,5,22,3,1340,1340/3/22,52.327826,-2.2508729,Worcestershire,283,
Burton by Beverley,22/3/1344,3,5,22,3,1344,1344/3/22,53.838018,-0.5121996,"Yorkshire, East Riding",,
Burton by Beverley,22/3/1344,3,5,22,3,1344,1344/3/22,53.838018,-0.5121996,"Yorkshire, East Riding",,
Hartlebury,22/4/1339,3,5,22,4,1339,1339/4/22,52.327826,-2.2508729,Worcestershire,,
Alvechurch,22/4/1340,3,5,22,4,1340,1340/4/22,52.34607,-1.9720644,Worcestershire,,
Hartlebury,22/4/1340,3,5,22,4,1340,1340/4/22,52.327826,-2.2508729,Worcestershire,292-94,
Hartlebury,22/4/1343,3,5,22,4,1343,1343/4/22,52.327826,-2.2508729,Worcestershire,,
Upton-on-Severn,22/4/1345,3,5,22,4,1345,1345/4/22,52.301076,-2.1040746,Worcestershire,,
Bristol,22/4/1346,3,5,22,4,1346,1346/4/22,51.47254,-2.5772934,Gloucestershire,,
Hartlebury,22/4/1349,3,5,22,4,1349,1349/4/22,52.327826,-2.2508729,Worcestershire,,
Bredon,22/5/1339,3,5,22,5,1339,1339/5/22,52.022359,-2.1179982,Worcestershire,,
Llanthony Priory,22/5/1340,3,5,22,5,1340,1340/5/22,51.86,-2.257,Gloucestershire,117,Coord source: https://en.wikipedia.org/wiki/Llanthony_Secunda
Henbury,22/5/1340,3,5,22,5,1340,1340/5/22,51.499215,-2.6352549,Gloucestershire,,
Bredon,22/5/1345,3,5,22,5,1345,1345/5/22,52.022359,-2.1179982,Worcestershire,,
Hartlebury,22/5/1346,3,5,22,5,1346,1346/5/22,52.327826,-2.2508729,Worcestershire,,
Hartlebury,22/5/1349,3,5,22,5,1349,1349/5/22,52.327826,-2.2508729,Worcestershire,,
Bristol Deanery,22/6/1340,3,5,22,6,1340,1340/6/22,51.47254,-2.5772934,Gloucestershire,,
Blockley,22/6/1344,3,5,22,6,1344,1344/6/22,52.00421,-1.768331,,1222,
Worcester,22/6/1347,3,5,22,6,1347,1347/6/22,52.184041,-2.2208098,Worcestershire,,
Bredon,22/7/1339,3,5,22,7,1339,1339/7/22,52.022359,-2.1179982,Worcestershire,,
Alvechurch,22/7/1344,3,5,22,7,1344,1344/7/22,52.34607,-1.9720644,Worcestershire,,
Henbury,22/7/1346,3,5,22,7,1346,1346/7/22,51.499215,-2.6352549,Gloucestershire,,
Hartlebury,22/7/1349,3,5,22,7,1349,1349/7/22,52.327826,-2.2508729,Worcestershire,,
Alvechurch,22/8/1339,3,5,22,8,1339,1339/8/22,52.34607,-1.9720644,Worcestershire,1130,
Withington,22/8/1341,3,5,22,8,1341,1341/8/22,51.833604,-1.9578672,Gloucestershire,,
Hartlebury,22/9/1339,3,5,22,9,1339,1339/9/22,52.327826,-2.2508729,Worcestershire,,
Gloucester,22/9/1345,3,5,22,9,1345,1345/9/22,51.860322,-2.2482616,Gloucestershire,,
Hartlebury,23/1/1339,3,5,23,1,1339,1339/1/23,52.327826,-2.2508729,Worcestershire,,
Hartlebury,23/1/1340,3,5,23,1,1340,1340/1/23,52.327826,-2.2508729,Worcestershire,,
Hartlebury,23/1/1349,3,5,23,1,1349,1349/1/23,52.327826,-2.2508729,Worcestershire,,
Hartlebury,23/1/1349,3,5,23,1,1349,1349/1/23,52.327826,-2.2508729,Worcestershire,,
Spetchley,23/10/1339,3,6,23,10,1339,1339/10/23,52.175146,-2.1622727,Worcestershire,102,
Upton upon Severn,23/10/1339,3,6,23,10,1339,1339/10/23,52.063126,-2.216566,,224,
Hartlebury,23/11/1339,3,6,23,11,1339,1339/11/23,52.327826,-2.2508729,Worcestershire,,
Hartlebury,23/11/1340,3,6,23,11,1340,1340/11/23,52.327826,-2.2508729,Worcestershire,,
Hartlebury,23/11/1344,3,6,23,11,1344,1344/11/23,52.327826,-2.2508729,Worcestershire,1227,
Hartlebury,23/12/1345,3,6,23,12,1345,1345/12/23,52.327826,-2.2508729,Worcestershire,,
Hartlebury,23/12/1348,3,6,23,12,1348,1348/12/23,52.327826,-2.2508729,Worcestershire,,
Fairford,23/2/1340,3,5,23,2,1340,1340/2/23,51.698548,-1.7843625,Gloucestershire,,
Warwick,23/2/1344,3,5,23,2,1344,1344/2/23,52.282434,-1.5909815,Warwickshire,,
Hartlebury,23/3/1340,3,5,23,3,1340,1340/3/23,52.327826,-2.2508729,Worcestershire,,
Hartlebury,23/4/1339,3,5,23,4,1339,1339/4/23,52.327826,-2.2508729,Worcestershire,,
Hartlebury,23/4/1343,3,5,23,4,1343,1343/4/23,52.327826,-2.2508729,Worcestershire,,
Hartlebury,23/4/1349,3,5,23,4,1349,1349/4/23,52.327826,-2.2508729,Worcestershire,,
Gloucester Deanery,23/5/1340,3,5,23,5,1340,1340/5/23,51.860322,-2.2482616,Gloucestershire,,
Kempsey,23/5/1349,3,5,23,5,1349,1349/5/23,52.139089,-2.2205872,Worcestershire,,
Stoneham,23/6/1339,3,5,23,6,1339,1339/6/23,50.950836,-1.3892337,Hampshire,,
Bristol Deanery,23/6/1340,3,5,23,6,1340,1340/6/23,51.47254,-2.5772934,Gloucestershire,,
Hartlebury,23/6/1349,3,5,23,6,1349,1349/6/23,52.327826,-2.2508729,Worcestershire,,
Henbury,23/7/1346,3,5,23,7,1346,1346/7/23,51.499215,-2.6352549,Gloucestershire,,
Hartlebury,23/7/1349,3,5,23,7,1349,1349/7/23,52.327826,-2.2508729,Worcestershire,,
Blockley,23/9/1346,3,5,23,9,1346,1346/9/23,52.00421,-1.768331,"Worcs (det), locally in Gloucs","p, 390",
Stow on the Wold,23/9/1346,3,5,23,9,1346,1346/9/23,51.930837,-1.722896,Gloucestershire,1073,
Withington,23/9/1348,3,5,23,9,1348,1348/9/23,51.833604,-1.9578672,Gloucestershire,,
Liddington,24/1/1345,3,5,24,1,1345,1345/1/24,51.527561,-1.7130958,Wiltshire,,
Liddington,24/1/1346,3,5,24,1,1346,1346/1/24,51.527561,-1.7130958,Wiltshire,,
Hartlebury,24/10/1339,3,6,24,10,1339,1339/10/24,52.327826,-2.2508729,Worcestershire,,
Westminster,24/10/1342,3,6,24,10,1342,1342/10/24,51.495233,-0.1431191,Middlesex,,
Hartlebury,24/11/1340,3,6,24,11,1340,1340/11/24,52.327826,-2.2508729,Worcestershire,,
Hartlebury,24/11/1344,3,6,24,11,1344,1344/11/24,52.327826,-2.2508729,Worcestershire,,
Hartlebury,24/12/1344,3,6,24,12,1344,1344/12/24,52.327826,-2.2508729,Worcestershire,,
Hartlebury,24/12/1346,3,6,24,12,1346,1346/12/24,52.327826,-2.2508729,Worcestershire,,
Farnham,24/2/1339,3,5,24,2,1339,1339/2/24,51.207042,-0.7989388,Surrey,,
Cirencester,24/2/1340,3,5,24,2,1340,1340/2/24,51.707734,-1.9724556,Gloucestershire,28 Feb? 263,
Sherborne,24/2/1340,3,5,24,2,1340,1340/2/24,51.824365,-1.7547442,Gloucestershire,261,
Hartlebury,24/2/1342,3,5,24,2,1342,1342/2/24,52.327826,-2.2508729,,1161,
Hartlebury,24/3/1340,3,5,24,3,1340,1340/3/24,52.327826,-2.2508729,Worcestershire,,
Alvechurch,24/3/1343,3,5,24,3,1343,1343/3/24,52.34607,-1.9720644,Worcestershire,,
Hartlebury,24/3/1344,3,5,24,3,1344,1344/3/24,52.327826,-2.2508729,Worcestershire,,
Hartlebury,24/4/1339,3,5,24,4,1339,1339/4/24,52.327826,-2.2508729,Worcestershire,,
Alvechurch,24/4/1340,3,5,24,4,1340,1340/4/24,52.34607,-1.9720644,Worcestershire,,
Hartlebury,24/4/1344,3,5,24,4,1344,1344/4/24,52.327826,-2.2508729,Worcestershire,,
Bristol,24/4/1346,3,5,24,4,1346,1346/4/24,51.47254,-2.5772934,Gloucestershire,,
Alvechurch,24/4/1440,3,5,24,4,1440,1440/4/24,52.34607,-1.9720644,Worcestershire,1139,
Gloucester Deanery,24/5/1340,3,5,24,5,1340,1340/5/24,51.860322,-2.2482616,Gloucestershire,,
Hartlebury,24/5/1343,3,5,24,5,1343,1343/5/24,52.327826,-2.2508729,Worcestershire,,
Ripple,24/5/1349,3,5,24,5,1349,1349/5/24,52.031254,-2.190903,Worcestershire,,
Elstow,24/6/1339,3,5,24,6,1339,1339/6/24,52.10238,-0.4684299,Bedfordshire,,
Tewkesbury,24/6/1339,3,5,24,6,1339,1339/6/24,51.986345,-2.1615883,Gloucestershire,1125,
Henbury,24/6/1340,3,5,24,6,1340,1340/6/24,51.499215,-2.6352549,Gloucestershire,,
Henbury,24/6/1343,3,5,24,6,1343,1343/6/24,51.499215,-2.6352549,Gloucestershire,,
Bredon,24/7/1339,3,5,24,7,1339,1339/7/24,52.022359,-2.1179982,Worcestershire,,
Hartlebury,24/7/1349,3,5,24,7,1349,1349/7/24,52.327826,-2.2508729,Worcestershire,,
Withington,24/8/1341,3,5,24,8,1341,1341/8/24,51.833604,-1.9578672,Gloucestershire,,
Withington,24/8/1344,3,5,24,8,1344,1344/8/24,51.833604,-1.9578672,Gloucestershire,,
Southwark,24/8/1345,3,5,24,8,1345,1345/8/24,51.503528,-0.0995549,Surrey,,
Campden,24/9/1345,3,5,24,9,1345,1345/9/24,52.031209,-1.7827679,Gloucestershire,,
Withington,24/9/1347,3,5,24,9,1347,1347/9/24,51.833604,-1.9578672,Gloucestershire,,
Leominster,25/1/1347,3,5,25,1,1347,1347/1/25,52.226828,-2.7480749,Herefordshire,,
Kidderminster,25/10/1339,3,6,25,10,1339,1339/10/25,52.381734,-2.2658701,Worcestershire,,
Hartlebury,25/10/1348,3,6,25,10,1348,1348/10/25,52.327826,-2.2508729,Worcestershire,,
Hartlebury,25/11/1339,3,6,25,11,1339,1339/11/25,52.327826,-2.2508729,Worcestershire,,
Eaton,25/11/1343,3,6,25,11,1343,1343/11/25,52.03756,-2.8178035,Herefordshire,several places,
Westminster,25/11/1344,3,6,25,11,1344,1344/11/25,51.495233,-0.1431191,Middlesex,,
Hartlebury,25/11/1347,3,6,25,11,1347,1347/11/25,52.327826,-2.2508729,Worcestershire,,
Hartlebury,25/12/1341,3,6,25,12,1341,1341/12/25,52.327826,-2.2508729,Worcestershire,,
Cirencester,25/2/1340,3,5,25,2,1340,1340/2/25,51.707734,-1.9724556,Gloucestershire,,
Hartlebury,25/2/1342,3,5,25,2,1342,1342/2/25,52.327826,-2.2508729,Worcestershire,,
Pershore,25/2/1346,3,5,25,2,1346,1346/2/25,52.1033,-2.0890127,Worcestershire,,
Hartlebury,25/3/1340,3,5,25,3,1340,1340/3/25,52.327826,-2.2508729,Worcestershire,,
Alvechurch,25/3/1343,3,5,25,3,1343,1343/3/25,52.34607,-1.9720644,Worcestershire,,
Hartlebury,25/3/1348,3,5,25,3,1348,1348/3/25,52.327826,-2.2508729,Worcestershire,,
Alvechurch,25/4/1340,3,5,25,4,1340,1340/4/25,52.34607,-1.9720644,Worcestershire,,
Hartlebury,25/4/1342,3,5,25,4,1342,1342/4/25,52.327826,-2.2508729,Worcestershire,,
Bristol,25/4/1346,3,5,25,4,1346,1346/4/25,51.47254,-2.5772934,Gloucestershire,,
Hartlebury,25/4/1348,3,5,25,4,1348,1348/4/25,52.327826,-2.2508729,Worcestershire,,
Hartlebury,25/5/1343,3,5,25,5,1343,1343/5/25,52.327826,-2.2508729,Worcestershire,,
Kempsey,25/5/1349,3,5,25,5,1349,1349/5/25,52.139089,-2.2205872,Worcestershire,,
Hartlebury,25/6/1349,3,5,25,6,1349,1349/6/25,52.327826,-2.2508729,Worcestershire,,
Hartlebury,25/7/1349,3,5,25,7,1349,1349/7/25,52.327826,-2.2508729,Worcestershire,,
Withington,25/8/1341,3,5,25,8,1341,1341/8/25,51.833604,-1.9578672,Gloucestershire,,
Hartlebury,25/9/1339,3,5,25,9,1339,1339/9/25,52.327826,-2.2508729,Worcestershire,,
Hartlebury,25/9/1340,3,5,25,9,1340,1340/9/25,52.327826,-2.2508729,Worcestershire,,
Hartlebury,26/1/1347,3,5,26,1,1347,1347/1/26,52.327826,-2.2508729,Worcestershire,,
Hartlebury,26/1/1349,3,5,26,1,1349,1349/1/26,52.327826,-2.2508729,Worcestershire,,
Halesowen,26/10/1339,3,6,26,10,1339,1339/10/26,52.444949,-2.0602769,Worcestershire,,
Stanton,26/10/1343,3,6,26,10,1343,1343/10/26,52.0064,-1.8968,Gloucestershire,1186,
Hartlebury,26/11/1339,3,6,26,11,1339,1339/11/26,52.327826,-2.2508729,Worcestershire,,
Hartlebury,26/11/1340,3,6,26,11,1340,1340/11/26,52.327826,-2.2508729,Worcestershire,,
Cirencester,26/2/1340,3,5,26,2,1340,1340/2/26,51.707734,-1.9724556,Gloucestershire,,
Hartlebury,26/2/1347,3,5,26,2,1347,1347/2/26,52.327826,-2.2508729,Worcestershire,,
Kempsey,26/3/1339,3,5,26,3,1339,1339/3/26,52.139089,-2.2205872,Worcestershire,1113,
Kempsey,26/3/1339,3,5,26,3,1339,1339/3/26,52.139089,-2.2205872,Worcestershire,24,
Hartlebury,26/3/1345,3,5,26,3,1345,1345/3/26,52.327826,-2.2508729,Worcestershire,,
Hartlebury,26/4/1339,3,5,26,4,1339,1339/4/26,52.327826,-2.2508729,Worcestershire,,
Alvechurch,26/4/1340,3,5,26,4,1340,1340/4/26,52.34607,-1.9720644,Worcestershire,,
Wiveliscombe,26/4/1343,3,5,26,4,1343,1343/4/26,51.03497,-3.3134566,Somerset,,
Pershore,26/4/1344,3,5,26,4,1344,1344/4/26,52.1033,-2.0890127,Worcestershire,,
Hartlebury,26/4/1345,3,5,26,4,1345,1345/4/26,52.327826,-2.2508729,Worcestershire,,
Hartlebury,26/5/1341,3,5,26,5,1341,1341/5/26,52.327826,-2.2508729,Worcestershire,,
Hartlebury,26/5/1349,3,5,26,5,1349,1349/5/26,52.327826,-2.2508729,Worcestershire,,
Bredon,26/5/1339,3,5,26,5,1339,1339/5/26,52.022359,-2.1179982,Worcestershire,1119,
Bredon,26/6/1339,3,5,26,6,1339,1339/6/26,52.022359,-2.1179982,Worcestershire,,
Bristol Deanery,26/6/1340,3,5,26,6,1340,1340/6/26,51.47254,-2.5772934,Gloucestershire,,
Blockley,26/6/1341,3,5,26,6,1341,1341/6/26,52.00421,-1.768331,"Worcs (det), locally in Gloucs",,
Hartlebury,26/6/1349,3,5,26,6,1349,1349/6/26,52.327826,-2.2508729,Worcestershire,,
Westbury,26/7/1341,3,5,26,7,1341,1341/7/26,51.248996,-2.2019694,Wiltshire,several places,
Hartlebury,26/7/1349,3,5,26,7,1349,1349/7/26,52.327826,-2.2508729,Worcestershire,,
Withington,26/8/1341,3,5,26,8,1341,1341/8/26,51.833604,-1.9578672,Gloucestershire,,
Henbury,26/8/1345,3,5,26,8,1345,1345/8/26,51.499215,-2.6352549,Gloucestershire,,
Tewkesbury,26/8/1347,3,5,26,8,1347,1347/8/26,51.986345,-2.1615883,Gloucestershire,,
Henbury,26/8/1348,3,5,26,8,1348,1348/8/26,51.499215,-2.6352549,Gloucestershire,,
Hartlebury,26/9/1339,3,5,26,9,1339,1339/9/26,52.327826,-2.2508729,Worcestershire,,
Hagley,27/10/1339,3,6,27,10,1339,1339/10/27,52.426908,-2.1337842,Worcestershire,,
Alvechurch,27/10/1340,3,6,27,10,1340,1340/10/27,52.34607,-1.9720644,Worcestershire,,
Withington,27/10/1343,3,6,27,10,1343,1343/10/27,51.833604,-1.9578672,Gloucestershire,,
Hartlebury,27/11/1342,3,6,27,11,1342,1342/11/27,52.327826,-2.2508729,Worcestershire,,
Hartlebury,27/11/1344,3,6,27,11,1344,1344/11/27,52.327826,-2.2508729,Worcestershire,,
Wick,27/11/1347,3,6,27,11,1347,1347/11/27,51.455178,-2.4331526,Gloucestershire,several places,
Tetbury,27/11/1434,3,6,27,11,1434,1434/11/27,51.635698,-2.1603372,Gloucestershire,,
Westminster,27/2/1339,3,5,27,2,1339,1339/2/27,51.495233,-0.1431191,Middlesex,1114 error,
Cirencester,27/2/1340,3,5,27,2,1340,1340/2/27,51.707734,-1.9724556,Gloucestershire,,
Bredon,27/2/1346,3,5,27,2,1346,1346/2/27,52.022359,-2.1179982,Worcestershire,,
Kempsey,27/3/1339,3,5,27,3,1339,1339/3/27,52.139089,-2.2205872,Worcestershire,1114,
Hartlebury,27/3/1345,3,5,27,3,1345,1345/3/27,52.327826,-2.2508729,Worcestershire,,
Boddington,27/4/1339,3,5,27,4,1339,1339/4/27,51.923409,-2.1613619,Gloucestershire,,
Alvechurch,27/4/1340,3,5,27,4,1340,1340/4/27,52.34607,-1.9720644,Worcestershire,,
Avignon,27/4/1341,3,5,27,4,1341,1341/4/27,43.949317,4.805528,,,
Campden,27/4/1344,3,5,27,4,1344,1344/4/27,52.031209,-1.7827679,Gloucestershire,,
Hartlebury,27/4/1346,3,5,27,4,1346,1346/4/27,52.327826,-2.2508729,Worcestershire,,
Dursley Deanery,27/5/1340,3,5,27,5,1340,1340/5/27,51.680246,-2.3485178,Gloucestershire,,
Hartlebury,27/5/1349,3,5,27,5,1349,1349/5/27,52.327826,-2.2508729,Worcestershire,,
Bredon,27/6/1339,3,5,27,6,1339,1339/6/27,52.022359,-2.1179982,Worcestershire,,
Bristol Deanery,27/6/1340,3,5,27,6,1340,1340/6/27,51.47254,-2.5772934,Gloucestershire,,
Hartlebury,27/6/1349,3,5,27,6,1349,1349/6/27,52.327826,-2.2508729,Worcestershire,,
Cirencester,27/7/1339,3,5,27,7,1339,1339/7/27,51.707734,-1.9724556,Gloucestershire,,
Bredon,27/7/1340,3,5,27,7,1340,1340/7/27,52.022359,-2.1179982,Worcestershire,,
Withington,27/7/1346,3,5,27,7,1346,1346/7/27,51.833604,-1.9578672,Gloucestershire,,
Hartlebury,27/7/1349,3,5,27,7,1349,1349/7/27,52.327826,-2.2508729,Worcestershire,,
Henbury,27/8/1345,3,5,27,8,1345,1345/8/27,51.499215,-2.6352549,Gloucestershire,,
Henbury,27/8/1348,3,5,27,8,1348,1348/8/27,51.499215,-2.6352549,Gloucestershire,,
Hartlebury,27/9/1339,3,5,27,9,1339,1339/9/27,52.327826,-2.2508729,Worcestershire,,
Hartlebury,27/9/1340,3,5,27,9,1340,1340/9/27,52.327826,-2.2508729,Worcestershire,,
Westminster,28/1/1344,3,5,28,1,1344,1344/1/28,51.495233,-0.1431191,Middlesex,see 1313 for 1348 year,
Belbroughton,28/10/1339,3,6,28,10,1339,1339/10/28,52.381958,-2.1336481,Worcestershire,,
Alvechurch,28/10/1340,3,6,28,10,1340,1340/10/28,52.34607,-1.9720644,Worcestershire,,
Hartlebury,28/11/1340,3,6,28,11,1340,1340/11/28,52.327826,-2.2508729,Worcestershire,,
Hartlebury,28/11/1347,3,6,28,11,1347,1347/11/28,52.327826,-2.2508729,Worcestershire,,
Cirencester,28/2/1340,3,5,28,2,1340,1340/2/28,51.707734,-1.9724556,Gloucestershire,,
Cirencester,28/2/1340,3,5,28,2,1340,1340/2/28,51.707734,-1.9724556,Gloucestershire,,
Hartlebury,28/2/1345,3,5,28,2,1345,1345/2/28,52.327826,-2.2508729,Worcestershire,,
Hartlebury,28/2/1347,3,5,28,2,1347,1347/2/28,52.327826,-2.2508729,Worcestershire,,
Worcester,28/3/1339,3,5,28,3,1339,1339/3/28,52.184041,-2.2208098,Worcestershire,,
Worcester,28/3/1342,3,5,28,3,1342,1342/3/28,52.184041,-2.2208098,Worcestershire,,
Hartlebury,28/3/1349,3,5,28,3,1349,1349/3/28,52.327826,-2.2508729,Worcestershire,,
Hartlebury,28/4/1339,3,5,28,4,1339,1339/4/28,52.327826,-2.2508729,Worcestershire,175,
Alvechurch,28/4/1340,3,5,28,4,1340,1340/4/28,52.34607,-1.9720644,Worcestershire,,
Hartlebury,28/4/1343,3,5,28,4,1343,1343/4/28,52.327826,-2.2508729,Worcestershire,,
Bredon,28/5/1339,3,5,28,5,1339,1339/5/28,52.022359,-2.1179982,Worcestershire,,
Dursley Deanery,28/5/1340,3,5,28,5,1340,1340/5/28,51.680246,-2.3485178,Gloucestershire,,
Hartlebury,28/5/1349,3,5,28,5,1349,1349/5/28,52.327826,-2.2508729,Worcestershire,,
Brekeley,28/6/1340,3,5,28,6,1340,1340/6/28,51.688836,-2.4643126,Gloucestershire,,
Bredon,28/6/1346,3,5,28,6,1346,1346/6/28,52.022359,-2.1179982,Worcestershire,,
Hartlebury,28/6/1349,3,5,28,6,1349,1349/6/28,52.327826,-2.2508729,Worcestershire,,
Fladbury,28/7/1340,3,5,28,7,1340,1340/7/28,52.112323,-2.0160173,Worcestershire,,
Bidford,28/7/1343,3,5,28,7,1343,1343/7/28,52.157188,-1.8552428,Warwickshire,,
Alvechurch,28/8/1339,3,5,28,8,1339,1339/8/28,52.34607,-1.9720644,Worcestershire,,
Orsett,28/8/1342,3,5,28,8,1342,1342/8/28,51.50414,0.3615811,Essex,,
Henbury,28/8/1345,3,5,28,8,1345,1345/8/28,51.499215,-2.6352549,Gloucestershire,,
Henbury,28/8/1348,3,5,28,8,1348,1348/8/28,51.499215,-2.6352549,Gloucestershire,,
Hartlebury,28/9/1339,3,5,28,9,1339,1339/9/28,52.327826,-2.2508729,Worcestershire,,
Blockley,28/9/1345,3,5,28,9,1345,1345/9/28,52.00421,-1.768331,"Worcs (det), locally in Gloucs",,
Hampton Bishop,29/1/1346,3,5,29,1,1346,1346/1/29,52.038564,-2.6574537,Herefordshire,,
"Old Temple, London",29/1/1348,3,5,29,1,1348,1348/1/29,51.512747,-0.1135832,Middlesex,,
Drotwich,29/10/1339,3,6,29,10,1339,1339/10/29,52.265068,-2.1479485,Worcestershire,,
Hartlebury,29/10/1347,3,6,29,10,1347,1347/10/29,52.327826,-2.2508729,Worcestershire,,
Hartlebury,29/11/1339,3,6,29,11,1339,1339/11/29,52.327826,-2.2508729,Worcestershire,,
Hartlebury,29/11/1347,3,6,29,11,1347,1347/11/29,52.327826,-2.2508729,Worcestershire,,
Hartlebury,29/12/1342,3,6,29,12,1342,1342/12/29,52.327826,-2.2508729,Worcestershire,,
Cirencester,29/2/1340,3,5,29,2,1340,1340/2/29,51.707734,-1.9724556,Gloucestershire,,
Hartlebury,29/3/1342,3,5,29,3,1342,1342/3/29,52.327826,-2.2508729,Worcestershire,,
Bredon,29/3/1343,3,5,29,3,1343,1343/3/29,52.022359,-2.1179982,Worcestershire,,
Billeswick,29/3/1346,3,5,29,3,1346,1346/3/29,51.47254,-2.5772934,Gloucestershire,,
Bredon,29/4/1339,3,5,29,4,1339,1339/4/29,52.022359,-2.1179982,Worcestershire,67,
Hartlebury,29/4/1339,3,5,29,4,1339,1339/4/29,52.327826,-2.2508729,Worcestershire,179,
Farnham,29/4/1344,3,5,29,4,1344,1344/4/29,51.207042,-0.7989388,Surrey,,
Hartlebury,29/4/1349,3,5,29,4,1349,1349/4/29,52.327826,-2.2508729,Worcestershire,,
Bredon,29/5/1339,3,5,29,5,1339,1339/5/29,52.022359,-2.1179982,Worcestershire,,
Hawkesbury,29/5/1340,3,5,29,5,1340,1340/5/29,52.327826,-2.2508729,Worcestershire,,
Tetbury,29/5/1342,3,5,29,5,1342,1342/5/29,51.635698,-2.1603372,Gloucestershire,,
Campden,29/5/1344,3,5,29,5,1344,1344/5/29,52.031209,-1.7827679,Gloucestershire,,
Hartlebury,29/5/1346,3,5,29,5,1346,1346/5/29,52.327826,-2.2508729,Worcestershire,1267,
Hartlebury,29/5/1349,3,5,29,5,1349,1349/5/29,52.327826,-2.2508729,Worcestershire,,
Eastington,29/6/1340,3,5,29,6,1340,1340/6/29,51.7502,-2.31732,,1142,
Withington,29/6/1340,3,5,29,6,1340,1340/6/29,51.833604,-1.9578672,Gloucestershire,,
Blockley,29/6/1341,3,5,29,6,1341,1341/6/29,52.00421,-1.768331,"Worcs (det), locally in Gloucs",,
Hartlebury,29/6/1349,3,5,29,6,1349,1349/6/29,52.327826,-2.2508729,Worcestershire,,
Bredon,29/7/1339,3,5,29,7,1339,1339/7/29,52.022359,-2.1179982,Worcestershire,,
Withington,29/7/1341,3,5,29,7,1341,1341/7/29,51.833604,-1.9578672,Gloucestershire,,
Hartlebury,29/7/1349,3,5,29,7,1349,1349/7/29,52.327826,-2.2508729,Worcestershire,,
Hartlebury,29/8/1340,3,5,29,8,1340,1340/8/29,52.327826,-2.2508729,Worcestershire,,
Withington,29/8/1341,3,5,29,8,1341,1341/8/29,51.833604,-1.9578672,Gloucestershire,,
Withington,29/8/1341,3,5,29,8,1341,1341/8/29,51.833604,-1.9578672,Gloucestershire,,
Hartlebury,29/8/1343,3,5,29,8,1343,1343/8/29,52.327826,-2.2508729,Worcestershire,568,
Henbury,29/8/1343,3,5,29,8,1343,1343/8/29,51.499215,-2.6352549,Gloucestershire,?,
Tewkesbury,29/8/1347,3,5,29,8,1347,1347/8/29,51.986345,-2.1615883,Gloucestershire,,
Henbury,29/8/1348,3,5,29,8,1348,1348/8/29,51.499215,-2.6352549,Gloucestershire,,
Hartlebury,29/9/1339,3,5,29,9,1339,1339/9/29,52.327826,-2.2508729,Worcestershire,,
Hartlebury,29/9/1340,3,5,29,9,1340,1340/9/29,52.327826,-2.2508729,Worcestershire,,
Withington,29/9/1342,3,5,29,9,1342,1342/9/29,51.833604,-1.9578672,Gloucestershire,,
Blockley,29/9/1345,3,5,29,9,1345,1345/9/29,52.00421,-1.768331,"Worcs (det), locally in Gloucs",,
Kempsey,3/1/1343,2,4,3,1,1343,1343/1/3,52.139089,-2.2205872,Worcestershire,1174,
Mortlake,3/1/1343,2,4,3,1,1343,1343/1/3,51.461264,-0.2740579,Surrey,,
Hartlebury,3/1/1346,2,4,3,1,1346,1346/1/3,52.327826,-2.2508729,Worcestershire,,
Hartlebury,3/10/1340,2,5,3,10,1340,1340/10/3,52.327826,-2.2508729,Worcestershire,,
Withington,3/10/1342,2,5,3,10,1342,1342/10/3,51.833604,-1.9578672,Gloucestershire,,
Avignon,3/10/1343,2,5,3,10,1343,1343/10/3,43.949317,4.805528,,,
Cirencester,3/10/1346,2,5,3,10,1346,1346/10/3,51.707734,-1.9724556,Gloucestershire,,
Pershore,3/11/1339,2,5,3,11,1339,1339/11/3,52.1033,-2.0890127,Worcestershire,,
Alvechurch,3/11/1340,2,5,3,11,1340,1340/11/3,52.34607,-1.9720644,Worcestershire,,
Hartlebury,3/11/1347,2,5,3,11,1347,1347/11/3,52.327826,-2.2508729,Worcestershire,,
Hartlebury,3/11/1348,2,5,3,11,1348,1348/11/3,52.327826,-2.2508729,Worcestershire,,
Hartlebury,3/12/1339,2,5,3,12,1339,1339/12/3,52.327826,-2.2508729,Worcestershire,,
Hartlebury,3/12/1344,2,5,3,12,1344,1344/12/3,52.327826,-2.2508729,Worcestershire,,
Westminster,3/2/1346,2,4,3,2,1346,1346/2/3,51.495233,-0.1431191,Middlesex,1257 prospective summons,
Minchinhampton,3/3/1340,2,4,3,3,1340,1340/3/3,51.698568,-2.2039671,Gloucestershire,267,
Hartlebury,3/3/1341,2,4,3,3,1341,1341/3/3,52.327826,-2.2508729,Worcestershire,,
Hartlebury,3/3/1345,2,4,3,3,1345,1345/3/3,52.327826,-2.2508729,Worcestershire,1234,
Hartlebury,3/3/1348,2,4,3,3,1348,1348/3/3,52.327826,-2.2508729,Worcestershire,,
Spetchley,3/4/1339,2,4,3,4,1339,1339/4/3,52.175146,-2.1622727,Worcestershire,,
Hartlebury,3/4/1340,2,4,3,4,1340,1340/4/3,52.327826,-2.2508729,Worcestershire,,
Bredon,3/4/1343,2,4,3,4,1343,1343/4/3,52.022359,-2.1179982,Worcestershire,,
Hartlebury,3/4/1344,2,4,3,4,1344,1344/4/3,52.327826,-2.2508729,Worcestershire,,
Hartlebury,3/4/1349,2,4,3,4,1349,1349/4/3,52.327826,-2.2508729,Worcestershire,,
Hartlebury,3/5/1339,2,4,3,5,1339,1339/5/3,52.327826,-2.2508729,Worcestershire,,
Alvechurch,3/5/1340,2,4,3,5,1340,1340/5/3,52.34607,-1.9720644,Worcestershire,,
Hartlebury,3/5/1344,2,4,3,5,1344,1344/5/3,52.327826,-2.2508729,Worcestershire,,
Hartlebury,3/5/1344,2,4,3,5,1344,1344/5/3,52.327826,-2.2508729,Worcestershire,1219,
Hartlebury,3/5/1347,2,4,3,5,1347,1347/5/3,52.327826,-2.2508729,Worcestershire,,
Hartlebury,3/5/1349,2,4,3,5,1349,1349/5/3,52.327826,-2.2508729,Worcestershire,,
Blockley,3/6/1344,2,4,3,6,1344,1344/6/3,52.00421,-1.768331,,1221,
Hartlebury,3/6/1348,2,4,3,6,1348,1348/6/3,52.327826,-2.2508729,Worcestershire,,
Blockley,3/7/1340,2,4,3,7,1340,1340/7/3,52.00421,-1.768331,"Worcs (det), locally in Gloucs",,
Henbury,3/7/1345,2,4,3,7,1345,1345/7/3,51.499215,-2.6352549,Gloucestershire,,
Hartlebury,3/7/1349,2,4,3,7,1349,1349/7/3,52.327826,-2.2508729,Worcestershire,,
Hartlebury,3/8/1340,2,4,3,8,1340,1340/8/3,52.327826,-2.2508729,Worcestershire,,
Withington,3/8/1341,2,4,3,8,1341,1341/8/3,51.833604,-1.9578672,Gloucestershire,,
Overbury,3/8/1342,2,4,3,8,1342,1342/8/3,52.031386,-2.0742931,Worcestershire,476,
Hartlebury,3/8/1344,2,4,3,8,1344,1344/8/3,52.327826,-2.2508729,Worcestershire,1223,
Hartlebury,3/8/1349,2,4,3,8,1349,1349/8/3,52.327826,-2.2508729,Worcestershire,,
Withington,3/9/1341,2,4,3,9,1341,1341/9/3,51.833604,-1.9578672,Gloucestershire,,
Hartlebury,30/1/1341,3,5,30,1,1341,1341/1/30,52.327826,-2.2508729,Worcestershire,,
Hartlebury,30/1/1349,3,5,30,1,1349,1349/1/30,52.327826,-2.2508729,Worcestershire,,
Hartlebury,30/10/1348,3,6,30,10,1348,1348/10/30,52.327826,-2.2508729,Worcestershire,,
Hartlebury,30/11/1339,3,6,30,11,1339,1339/11/30,52.327826,-2.2508729,Worcestershire,,
Kennington,30/11/1342,3,6,30,11,1342,1342/11/30,51.714328,-1.2487393,Berkshire,several places,
Hartlebury,30/12/1339,3,6,30,12,1339,1339/12/30,52.327826,-2.2508729,Worcestershire,,
Hartlebury,30/12/1341,3,6,30,12,1341,1341/12/30,52.327826,-2.2508729,Worcestershire,,
Spetchley,30/3/1339,3,5,30,3,1339,1339/3/30,52.175146,-2.1622727,Worcestershire,161,
Hartlebury,30/3/1345,3,5,30,3,1345,1345/3/30,52.327826,-2.2508729,Worcestershire,,
Alvechurch,30/4/1330,3,5,30,4,1330,1330/4/30,52.34607,-1.9720644,Worcestershire,,
Hartlebury,30/4/1339,3,5,30,4,1339,1339/4/30,52.327826,-2.2508729,Worcestershire,,
Hartlebury,30/4/1345,3,5,30,4,1345,1345/4/30,52.327826,-2.2508729,Worcestershire,,
Hartlebury,30/4/1349,3,5,30,4,1349,1349/4/30,52.327826,-2.2508729,Worcestershire,,
Hawkesbury,30/5/1340,3,5,30,5,1340,1340/5/30,,,Gloucestershire,117,
Eastington,30/5/1340,3,5,30,5,1340,1340/5/30,51.7502,-2.31732,,??,Coords source:http://www.gatehouse-gazetteer.info/English%20sites/4470.html
Hartlebury,30/5/1347,3,5,30,5,1347,1347/5/30,52.327826,-2.2508729,Worcestershire,,
Hartlebury,30/5/1348,3,5,30,5,1348,1348/5/30,52.327826,-2.2508729,Worcestershire,,
Bredon,30/6/1339,3,5,30,6,1339,1339/6/30,52.022359,-2.1179982,Worcestershire,,
Hartlebury,30/6/1349,3,5,30,6,1349,1349/6/30,52.327826,-2.2508729,Worcestershire,,
Kempsey,30/7/1340,3,5,30,7,1340,1340/7/30,52.139089,-2.2205872,Worcestershire,,
Alvechurch,30/7/1344,3,5,30,7,1344,1344/7/30,52.34607,-1.9720644,Worcestershire,???,
Droitwich,30/7/1344,3,5,30,7,1344,1344/7/30,52.265068,-2.1479485,Worcestershire,642,
Withington,30/7/1348,3,5,30,7,1348,1348/7/30,51.833604,-1.9578672,Gloucestershire,,
Withington,30/8/1341,3,5,30,8,1341,1341/8/30,51.833604,-1.9578672,Gloucestershire,,
Dover,30/8/1347,3,5,30,8,1347,1347/8/30,51.121687,1.2995755,Kent,,
Hartlebury,30/9/1339,3,5,30,9,1339,1339/9/30,52.327826,-2.2508729,Worcestershire,,
Hartlebury,30/9/1344,3,5,30,9,1344,1344/9/30,52.327826,-2.2508729,Worcestershire,,
Hartlebury,31/1/1349,3,5,31,1,1349,1349/1/31,52.327826,-2.2508729,Worcestershire,,
Worcester,31/12/1340,3,6,31,12,1340,1340/12/31,52.184041,-2.2208098,Worcestershire,,
Hartlebury,31/12/1342,3,6,31,12,1342,1342/12/31,52.327826,-2.2508729,Worcestershire,,
Spetchley,31/3/1339,3,5,31,3,1339,1339/3/31,52.175146,-2.1622727,Worcestershire,,
Hartlebury,31/3/1344,3,5,31,3,1344,1344/3/31,52.327826,-2.2508729,Worcestershire,,
Codrington,31/5/1340,3,5,31,5,1340,1340/5/31,51.500238,-2.4047672,Gloucestershire,,
Pucklechurch,31/5/1340,3,5,31,5,1340,1340/5/31,51.482098,-2.4478083,Gloucestershire,315,
Blockley,31/5/1341,3,5,31,5,1341,1341/5/31,52.00421,-1.768331,"Worcs (det), locally in Gloucs",,
Blockley,31/5/1344,3,5,31,5,1344,1344/5/31,52.00421,-1.768331,"Worcs (det), locally in Gloucs",,
Withington,31/7/1341,3,5,31,7,1341,1341/7/31,51.833604,-1.9578672,Gloucestershire,,
Hartlebury,31/7/1344,3,5,31,7,1344,1344/7/31,52.327826,-2.2508729,Worcestershire,,
Hartlebury,31/7/1349,3,5,31,7,1349,1349/7/31,52.327826,-2.2508729,Worcestershire,,
Spetchley,4/1/1339,2,4,4,1,1339,1339/1/4,52.175146,-2.1622727,Worcestershire,1115,
Hartlebury,4/1/1348,2,4,4,1,1348,1348/1/4,52.327826,-2.2508729,Worcestershire,,
Hartlebury,4/1/1349,2,4,4,1,1349,1349/1/4,52.327826,-2.2508729,Worcestershire,,
Withington,4/10/1342,2,5,4,10,1342,1342/10/4,51.833604,-1.9578672,Gloucestershire,,
Blockley,4/10/1345,2,5,4,10,1345,1345/10/4,52.00421,-1.768331,"Worcs (det), locally in Gloucs",,
Hartlebury,4/11/1348,2,5,4,11,1348,1348/11/4,52.327826,-2.2508729,Worcestershire,,
Hampton Bishop,4/2/1343,2,4,4,2,1343,1343/2/4,52.038564,-2.6574537,Herefordshire,,
Hartlebury,4/2/1349,2,4,4,2,1349,1349/2/4,52.327826,-2.2508729,Worcestershire,,
Horsley,4/3/1340,2,4,4,3,1340,1340/3/4,51.680503,-2.2472759,Gloucestershire,117,
Hartlebury,4/3/1348,2,4,4,3,1348,1348/3/4,52.327826,-2.2508729,Worcestershire,,
Spetchley,4/4/1339,2,4,4,4,1339,1339/4/4,52.175146,-2.1622727,Worcestershire,,
Hartlebury,4/5/1339,2,4,4,5,1339,1339/5/4,52.327826,-2.2508729,Worcestershire,,
Alvechurch,4/5/1340,2,4,4,5,1340,1340/5/4,52.34607,-1.9720644,Worcestershire,,
Hartlebury,4/5/1349,2,4,4,5,1349,1349/5/4,52.327826,-2.2508729,Worcestershire,,
Henbury,4/6/1342,2,4,4,6,1342,1342/6/4,51.499215,-2.6352549,Gloucestershire,,
Bredon,4/6/1348,2,4,4,6,1348,1348/6/4,52.022359,-2.1179982,Worcestershire,,
Blockley,4/7/1340,2,4,4,7,1340,1340/7/4,52.00421,-1.768331,"Worcs (det), locally in Gloucs",,
Salisbury,4/7/1347,2,4,4,7,1347,1347/7/4,51.069163,-1.8015686,Wiltshire,,
Kempsey,4/8/1343,2,4,4,8,1343,1343/8/4,52.139089,-2.2205872,Worcestershire,1175; dates are a bit puzzling could be 1342,
Calais,4/8/1347,2,4,4,8,1347,1347/8/4,50.95129,1.858686,,,
Hartlebury,4/8/1349,2,4,4,8,1349,1349/8/4,52.327826,-2.2508729,Worcestershire,,
Hartlebury,4/9/1340,2,4,4,9,1340,1340/9/4,52.327826,-2.2508729,Worcestershire,,
Withington,4/9/1341,2,4,4,9,1341,1341/9/4,51.833604,-1.9578672,Gloucestershire,,
Badminton,4/9/1342,2,4,4,9,1342,1342/9/4,51.536544,-2.2897474,Gloucestershire,,
Alvechurch,5/10/1341,2,5,5,10,1341,1341/10/5,52.34607,-1.9720644,Worcestershire,,
Blockley,5/11/1339,2,5,5,11,1339,1339/11/5,52.00421,-1.768331,"Worcs (det), locally in Gloucs",102,
Broadway,5/11/1339,2,5,5,11,1339,1339/11/5,52.031338,-1.8702251,Worcestershire,,
Alvechurch,5/11/1340,2,5,5,11,1340,1340/11/5,52.34607,-1.9720644,Worcestershire,,
Hartlebury,5/11/1348,2,5,5,11,1348,1348/11/5,52.327826,-2.2508729,Worcestershire,,
Hartlebury,5/12/1343,2,5,5,12,1343,1343/12/5,52.327826,-2.2508729,Worcestershire,,
Hillingdon,5/3/1339,2,4,5,3,1339,1339/3/5,51.526595,-0.4445791,Middlesex,,
Horsley,5/3/1340,2,4,5,3,1340,1340/3/5,51.680503,-2.2472759,Gloucestershire,117,
Kingscote,5/3/1340,2,4,5,3,1340,1340/3/5,51.662456,-2.2760929,Gloucestershire,117,
Hartlebury,5/3/1344,2,4,5,3,1344,1344/3/5,52.327826,-2.2508729,Worcestershire,,
Hartlebury,5/3/1346,2,4,5,3,1346,1346/3/5,52.327826,-2.2508729,Worcestershire,,
Hartlebury,5/3/1349,2,4,5,3,1349,1349/3/5,52.327826,-2.2508729,Worcestershire,,
Spetchley,5/4/1339,2,4,5,4,1339,1339/4/5,52.175146,-2.1622727,Worcestershire,,
Billeswick,5/4/1346,2,4,5,4,1346,1346/4/5,51.47254,-2.5772934,Gloucestershire,,
Hartlebury,5/4/1349,2,4,5,4,1349,1349/4/5,52.327826,-2.2508729,Worcestershire,,
Hartlebury,5/5/1344,2,4,5,5,1344,1344/5/5,52.327826,-2.2508729,Worcestershire,,
Hartlebury,5/5/1349,2,4,5,5,1349,1349/5/5,52.327826,-2.2508729,Worcestershire,,
Hartlebury,5/6/1343,2,4,5,6,1343,1343/6/5,52.327826,-2.2508729,Worcestershire,,
Hartlebury,5/6/1346,2,4,5,6,1346,1346/6/5,52.327826,-2.2508729,Worcestershire,,
Hartlebury,5/6/1349,2,4,5,6,1349,1349/6/5,52.327826,-2.2508729,Worcestershire,,
Blockley,5/7/1340,2,4,5,7,1340,1340/7/5,52.00421,-1.768331,"Worcs (det), locally in Gloucs",,
Hartlebury,5/7/1344,2,4,5,7,1344,1344/7/5,52.327826,-2.2508729,Worcestershire,,
Hartlebury,5/7/1349,2,4,5,7,1349,1349/7/5,52.327826,-2.2508729,Worcestershire,,
Withington,5/8/1341,2,4,5,8,1341,1341/8/5,51.833604,-1.9578672,Gloucestershire,,
Hartlebury,5/9/1339,2,4,5,9,1339,1339/9/5,52.327826,-2.2508729,Worcestershire,,
Cirencester,5/9/1345,2,4,5,9,1345,1345/9/5,51.707734,-1.9724556,Gloucestershire,,
Horsely,5/9/1346,2,4,5,9,1346,1346/9/5,51.680503,-2.2472759,Gloucestershire,,
Hartlebury,6/1/1341,2,4,6,1,1341,1341/1/6,52.327826,-2.2508729,Worcestershire,,
Hartlebury,6/1/1344,2,4,6,1,1344,1344/1/6,52.327826,-2.2508729,Worcestershire,,
Hartlebury,6/1/1345,2,4,6,1,1345,1345/1/6,52.327826,-2.2508729,Worcestershire,1228,
Withington,6/10/1343,2,5,6,10,1343,1343/10/6,51.833604,-1.9578672,Gloucestershire,,
Blockley,6/11/1339,2,5,6,11,1339,1339/11/6,52.00421,-1.768331,"Worcs (det), locally in Gloucs",,
Honington,6/11/1339,2,5,6,11,1339,1339/11/6,52.075757,-1.6220534,Warwickshire,several places,
Alvechurch,6/11/1340,2,5,6,11,1340,1340/11/6,52.34607,-1.9720644,Worcestershire,,
Buckden,6/11/1344,2,5,6,11,1344,1344/11/6,52.28826,-0.2567603,Huntingdonshire,two places,
Hartlebury,6/12/1339,2,5,6,12,1339,1339/12/6,52.327826,-2.2508729,Worcestershire,,
Hartlebury,6/12/1340,2,5,6,12,1340,1340/12/6,52.327826,-2.2508729,Worcestershire,,
Sedgeberrow,6/2/1340,2,4,6,2,1340,1340/2/6,52.040397,-1.9722535,Worcestershire,,
Hartlebury,6/2/1344,2,4,6,2,1344,1344/2/6,52.327826,-2.2508729,Worcestershire,,
Hartlebury,6/2/1345,2,4,6,2,1345,1345/2/6,52.327826,-2.2508729,Worcestershire,,
Hartlebury,6/2/1345,2,4,6,2,1345,1345/2/6,,,,1233,
Kings Stanley,6/3/1340,2,4,6,3,1340,1340/3/6,51.733044,-2.272903,Wiltshire,,
Bredicot,6/3/1345,2,4,6,3,1345,1345/3/6,52.19339,-2.141104,,,
Spetchley,6/4/1339,2,4,6,4,1339,1339/4/6,52.175146,-2.1622727,Worcestershire,,
Hartlebury,6/4/1342,2,4,6,4,1342,1342/4/6,52.327826,-2.2508729,Worcestershire,,
Hartlebury,6/5/1339,2,4,6,5,1339,1339/5/6,52.327826,-2.2508729,Worcestershire,,
Loxley,6/5/1341,2,4,6,5,1341,1341/5/6,52.165706,-1.6359125,Warwickshire,several places,
Bredon,6/6/1339,2,4,6,6,1339,1339/6/6,52.022359,-2.1179982,Worcestershire,,
Hartlebury,6/6/1343,2,4,6,6,1343,1343/6/6,52.327826,-2.2508729,Worcestershire,,
Blockley,6/6/1344,2,4,6,6,1344,1344/6/6,52.00421,-1.768331,"Worcs (det), locally in Gloucs",,
Hartlebury,6/6/1349,2,4,6,6,1349,1349/6/6,52.327826,-2.2508729,Worcestershire,,
Henbury,6/7/1342,2,4,6,7,1342,1342/7/6,51.499215,-2.6352549,Gloucestershire,,
Hartlebury,6/7/1347,2,4,6,7,1347,1347/7/6,52.327826,-2.2508729,Worcestershire,,
Hartlebury,6/7/1349,2,4,6,7,1349,1349/7/6,52.327826,-2.2508729,Worcestershire,,
Hartlebury,6/8/1340,2,4,6,8,1340,1340/8/6,52.327826,-2.2508729,Worcestershire,,
Hartlebury,6/8/1349,2,4,6,8,1349,1349/8/6,52.327826,-2.2508729,Worcestershire,,
Hartlebury,7/10/1339,2,5,7,10,1339,1339/10/7,52.327826,-2.2508729,Worcestershire,,
Alvechurch,7/10/1341,2,5,7,10,1341,1341/10/7,52.34607,-1.9720644,Worcestershire,,
Worcester,7/11/1342,2,5,7,11,1342,1342/11/7,52.184041,-2.2208098,Worcestershire,,
Worcester,7/11/1345,2,5,7,11,1345,1345/11/7,52.184041,-2.2208098,Worcestershire,,
Elmbridge,7/11/1346,2,5,7,11,1346,1346/11/7,52.301029,-2.1480685,Worcestershire,,
Hartlebury,s,#VALUE!,#VALUE!,#VALUE!,#VALUE!,s,#VALUE!,52.327826,-2.2508729,Worcestershire,,
Hartlebury,7/12/1339,2,5,7,12,1339,1339/12/7,52.327826,-2.2508729,Worcestershire,,
Hartlebury,7/12/1348,2,5,7,12,1348,1348/12/7,52.327826,-2.2508729,Worcestershire,,
Campden,7/2/1340,2,4,7,2,1340,1340/2/7,52.031209,-1.7827679,Gloucestershire,,
Hartlebury,7/2/1345,2,4,7,2,1345,1345/2/7,52.327826,-2.2508729,Worcestershire,,
Standish,7/3/1340,2,4,7,3,1340,1340/3/7,51.770313,-2.2912432,Gloucestershire,117,
Withington,7/3/1343,2,4,7,3,1343,1343/3/7,51.833604,-1.9578672,Gloucestershire,,
Hartlebury,7/3/1345,2,4,7,3,1345,1345/3/7,52.327826,-2.2508729,Worcestershire,,
Hartlebury,7/3/1349,2,4,7,3,1349,1349/3/7,52.327826,-2.2508729,Worcestershire,,
Hartlebury,7/4/1344,2,4,7,4,1344,1344/4/7,52.327826,-2.2508729,Worcestershire,1209,
Hartlebury,7/4/1346,2,4,7,4,1346,1346/4/7,52.327826,-2.2508729,Worcestershire,,
Hartlebury,7/4/1348,2,4,7,4,1348,1348/4/7,52.327826,-2.2508729,Worcestershire,,
Hartlebury,7/5/1339,2,4,7,5,1339,1339/5/7,52.327826,-2.2508729,Worcestershire,,
Westminster,7/5/1339,2,4,7,5,1339,1339/5/7,51.495233,-0.1431191,Middlesex,1118 error,
Hartlebury,7/5/1343,2,4,7,5,1343,1343/5/7,52.327826,-2.2508729,Worcestershire,,
Hartlebury,7/5/1349,2,4,7,5,1349,1349/5/7,52.327826,-2.2508729,Worcestershire,,
Bredon,7/6/1339,2,4,7,6,1339,1339/6/7,52.022359,-2.1179982,Worcestershire,,
Bredon,7/6/1339,2,4,7,6,1339,1339/6/7,52.022359,-2.1179982,Worcestershire,1121,
Hartlebury,7/6/1343,2,4,7,6,1343,1343/6/7,52.327826,-2.2508729,Worcestershire,,
Bredon,7/7/1339,2,4,7,7,1339,1339/7/7,52.022359,-2.1179982,Worcestershire,,
Henbury,7/7/1345,2,4,7,7,1345,1345/7/7,51.499215,-2.6352549,Gloucestershire,,
Hartlebury,7/7/1349,2,4,7,7,1349,1349/7/7,52.327826,-2.2508729,Worcestershire,,
Wick,7/8/1339,2,4,7,8,1339,1339/8/7,52.172633,-2.236333333,,1129,Wick Episcopi?
Henbury,7/8/1343,2,4,7,8,1343,1343/8/7,51.499215,-2.6352549,Gloucestershire,,
Hartlebury,7/9/1339,2,4,7,9,1339,1339/9/7,52.327826,-2.2508729,Worcestershire,,
Blockley,7/9/1345,2,4,7,9,1345,1345/9/7,52.00421,-1.768331,"Worcs (det), locally in Gloucs",,
Hartlebury,8/1/1343,2,4,8,1,1343,1343/1/8,52.327826,-2.2508729,Worcestershire,,
Upton Warren,8/11/1342,2,5,8,11,1342,1342/11/8,52.058175,-2.2201879,Worcestershire,,
Hartlebury,8/11/1343,2,5,8,11,1343,1343/11/8,52.327826,-2.2508729,Worcestershire,,
Hartlebury,8/11/1434,2,5,8,11,1434,1434/11/8,52.327826,-2.2508729,Worcestershire,,
Alderton,8/2/1340,2,4,8,2,1340,1340/2/8,51.995446,-2.0014103,Gloucestershire,251,
Winchcombe,8/2/1340,2,4,8,2,1340,1340/2/8,51.95049,-1.9723085,Gloucestershire,117,
Grantham,8/2/1348,2,4,8,2,1348,1348/2/8,52.904741,-0.6484518,Lincolnshire,,
Gloucester,8/3/1340,2,4,8,3,1340,1340/3/8,51.860322,-2.2482616,Gloucestershire,117,
Chelthenham,8/3/1343,2,4,8,3,1343,1343/3/8,51.899386,-2.078253,,,
Hartlebury,8/3/1344,2,4,8,3,1344,1344/3/8,52.327826,-2.2508729,Worcestershire,,
Hartlebury,8/4/1345,2,4,8,4,1345,1345/4/8,52.327826,-2.2508729,Worcestershire,,
Billeswick,8/4/1346,2,4,8,4,1346,1346/4/8,51.47254,-2.5772934,Gloucestershire,,
Hartlebury,8/5/1339,2,4,8,5,1339,1339/5/8,52.327826,-2.2508729,Worcestershire,,
Hartlebury,8/5/1344,2,4,8,5,1344,1344/5/8,52.327826,-2.2508729,Worcestershire,,
Hartlebury,8/5/1345,2,4,8,5,1345,1345/5/8,52.327826,-2.2508729,Worcestershire,,
Hartlebury,8/5/1349,2,4,8,5,1349,1349/5/8,52.327826,-2.2508729,Worcestershire,,
Henbury,8/6/1340,2,4,8,6,1340,1340/6/8,51.499215,-2.6352549,Gloucestershire,,
Hartlebury,8/6/1343,2,4,8,6,1343,1343/6/8,52.327826,-2.2508729,Worcestershire,,
Blockley,8/7/1341,2,4,8,7,1341,1341/7/8,52.00421,-1.768331,"Worcs (det), locally in Gloucs",,
Hartlebury,8/7/1349,2,4,8,7,1349,1349/7/8,52.327826,-2.2508729,Worcestershire,,
Wick,8/8/1339,2,4,8,8,1339,1339/8/8,52.172633,-2.236333333,,1128,
Withington,8/9/1341,2,4,8,9,1341,1341/9/8,51.833604,-1.9578672,Gloucestershire,,
Hartlebury,8/9/1342,2,4,8,9,1342,1342/9/8,52.327826,-2.2508729,Worcestershire,,
Hartlebury,8/9/1347,2,4,8,9,1347,1347/9/8,52.327826,-2.2508729,Worcestershire,,
Hartlebury,9/1/1340,2,4,9,1,1340,1340/1/9,52.327826,-2.2508729,Worcestershire,,
Hartlebury,9/10/1339,2,5,9,10,1339,1339/10/9,52.327826,-2.2508729,Worcestershire,,
Hartlebury,9/10/1343,2,5,9,10,1343,1343/10/9,52.327826,-2.2508729,Worcestershire,,
Stratford,9/11/1339,2,5,9,11,1339,1339/11/9,52.040267,-2.1763622,Worcestershire,,
Alvechurch,9/11/1340,2,5,9,11,1340,1340/11/9,52.34607,-1.9720644,Worcestershire,,
Hartlebury,9/11/1343,2,5,9,11,1343,1343/11/9,52.327826,-2.2508729,Worcestershire,,
Hartlebury,9/11/1345,2,5,9,11,1345,1345/11/9,52.327826,-2.2508729,Worcestershire,,
Hartlebury,9/12/1339,2,5,9,12,1339,1339/12/9,52.327826,-2.2508729,Worcestershire,1135,
"St. Denis, Paris",9/12/1339,2,5,9,12,1339,1339/12/9,48.878026,2.37064,,,
Winchcombe,9/2/1340,2,4,9,2,1340,1340/2/9,51.95049,-1.9723085,Gloucestershire,117,
Hampton Bishop,9/2/1346,2,4,9,2,1346,1346/2/9,52.038564,-2.6574537,Herefordshire,,
Stonehouse Deanery,9/3/1340,2,4,9,3,1340,1340/3/9,51.74334,-2.2910695,Gloucestershire,several places,
Hartlebury,9/3/1341,2,4,9,3,1341,1341/3/9,52.327826,-2.2508729,Worcestershire,,
Withington,9/3/1343,2,4,9,3,1343,1343/3/9,51.833604,-1.9578672,Gloucestershire,,
Spetchley,9/4/1339,2,4,9,4,1339,1339/4/9,52.175146,-2.1622727,Worcestershire,,
Hartlebury,9/4/1340,2,4,9,4,1340,1340/4/9,52.327826,-2.2508729,Worcestershire,,
Hartlebury,9/4/1341,2,4,9,4,1341,1341/4/9,52.327826,-2.2508729,Worcestershire,,
Pershore,9/4/1346,2,4,9,4,1346,1346/4/9,52.1033,-2.0890127,Worcestershire,,
Hartlebury,9/5/1341,2,4,9,5,1341,1341/5/9,52.327826,-2.2508729,Worcestershire,,
Blockley,9/6/1344,2,4,9,6,1344,1344/6/9,52.00421,-1.768331,"Worcs (det), locally in Gloucs",,
Hartlebury,9/6/1349,2,4,9,6,1349,1349/6/9,52.327826,-2.2508729,Worcestershire,,
Bredon,9/7/1339,2,4,9,7,1339,1339/7/9,52.022359,-2.1179982,Worcestershire,,
Codrington,9/7/1346,2,4,9,7,1346,1346/7/9,51.500238,-2.4047672,Gloucestershire,,
Hartlebury,9/7/1347,2,4,9,7,1347,1347/7/9,52.327826,-2.2508729,Worcestershire,,
Hartlebury,9/7/1349,2,4,9,7,1349,1349/7/9,52.327826,-2.2508729,Worcestershire,,
Withington,9/8/1341,2,4,9,8,1341,1341/8/9,51.833604,-1.9578672,Gloucestershire,,
Rock,9/8/1344,2,4,9,8,1344,1344/8/9,52.336413,-2.3976858,Worcestershire,,
Withington,9/9/1345,2,4,9,9,1345,1345/9/9,51.833604,-1.9578672,Gloucestershire,,
Withington,9/9/1345,2,4,9,9,1345,1345/9/9,51.833604,-1.9578672,Gloucestershire,1240,
Reepham,9/9/1346,2,4,9,9,1346,1346/9/9,53.244039,-0.4579493,Lincolnshire,,
Henbury,9/9/1348,2,4,9,9,1348,1348/9/9,51.499215,-2.6352549,Gloucestershire,1323,
Hartlebury,9/5/1347,2,4,9,5,1347,1347/5/9,52.327826,-2.2508729,Worcestershire,938,
